rank,service_number,first_name,last_name,date_of_award,country,aircraft_type,flight_hours,flight_missions,flight_awards
Major,3956946,Elsi,Samett,6/15/2022,Brazil,A-10,9751,608,Air Force Commendation Medal
Private,7450386,Olav,Smithson,4/4/2023,China,A-10,4330,352,Air Medal
Lieutenant,4133509,Thorin,Dineges,12/31/2022,Indonesia,A-10,9695,869,Distinguished Flying Cross
Major,6058542,Demetra,Montacute,10/3/2022,United States,F-18,7802,205,Distinguished Flying Cross
Colonel,2882162,Paco,Beneze,12/27/2022,Indonesia,A-10,7594,528,Air Force Achievement Medal
Major,3988401,Haley,Mila,2/12/2023,United Arab Emirates,F-16,9105,117,Air Force Achievement Medal
Major,6082321,Salome,Tethacot,5/10/2022,Micronesia,A-10,9068,828,Distinguished Flying Cross
Colonel,2326084,Reuben,Clemo,3/17/2023,United States,F-18,5104,305,Air Force Achievement Medal
Lieutenant,8605880,Kendra,Mendez,12/12/2022,Brazil,F-22,1347,330,Distinguished Flying Cross
Captain,8563547,Ethel,Batterham,6/2/2022,New Zealand,F-16,4870,83,Air Medal
Lieutenant,7614293,Debbie,Daughtery,8/16/2022,Indonesia,F-18,1272,591,Air Force Achievement Medal
Sergeant,2443832,Lucinda,Rosenwald,2/4/2023,Poland,A-10,151,696,Distinguished Flying Cross
General,7921264,Natalee,Cudde,12/15/2022,Indonesia,A-10,9812,632,Distinguished Flying Cross
Captain,7899430,Phoebe,Jiggens,2/19/2023,Sweden,F-16,78,444,Air Medal
Lieutenant,8116800,Rorie,Scandroot,6/7/2022,Colombia,F-35,2168,754,Air Medal
General,7267237,Lorita,Duffell,4/28/2022,Philippines,F-16,7452,663,Air Medal
Corporal,3435096,Olenolin,Hands,10/30/2022,Sweden,F-16,39,347,Air Force Achievement Medal
Private,8468571,Olympie,Larive,12/9/2022,Venezuela,F-16,5693,513,Air Force Achievement Medal
General,7620440,Finley,Simmen,7/30/2022,Japan,A-10,7644,360,Air Medal
Lieutenant,1942743,Valaree,Blum,8/12/2022,China,F-22,8387,18,Air Medal
Colonel,4153777,Geneva,Barsby,1/24/2023,Serbia,F-35,8068,224,Air Force Achievement Medal
Sergeant,7494768,Donny,Bulfit,10/23/2022,Russia,A-10,5197,454,Air Force Commendation Medal
Major,1295175,Emeline,Commings,9/2/2022,China,F-22,688,445,Distinguished Flying Cross
Sergeant,2118463,Jodi,Giacoboni,5/31/2022,Panama,F-22,7545,506,Distinguished Flying Cross
Sergeant,9749429,Katy,Germain,4/21/2022,China,F-22,4974,492,Air Force Commendation Medal
Major,3548229,Jake,Muglestone,6/29/2022,Democratic Republic of the Congo,F-35,2276,854,Air Medal
Lieutenant,3169136,Camala,Peasey,5/19/2022,Russia,F-35,7901,414,Air Force Commendation Medal
Major,2279055,Celina,Kenworthy,7/9/2022,Indonesia,F-16,1073,582,Distinguished Flying Cross
Corporal,9622406,Denys,Ahlin,1/3/2023,Poland,F-18,5477,372,Air Force Achievement Medal
General,6561092,Alta,Jeroch,6/9/2022,China,A-10,1322,925,Distinguished Flying Cross
Captain,8309704,Sheilakathryn,Kitto,7/20/2022,Sweden,F-18,7118,120,Air Force Commendation Medal
Captain,9420998,Billie,Willment,1/26/2023,Philippines,F-16,3776,640,Distinguished Flying Cross
Colonel,3547098,Ericka,Boots,7/4/2022,China,F-35,3154,627,Air Force Achievement Medal
Lieutenant,8031773,Coreen,Treat,11/25/2022,China,F-18,6106,335,Distinguished Flying Cross
General,3286588,Rennie,Foulks,12/12/2022,Pakistan,F-35,592,369,Air Medal
Lieutenant,1311437,Twyla,New,10/15/2022,Poland,F-22,5720,714,Air Medal
Sergeant,7686477,Ariela,McGucken,4/17/2022,Greece,F-35,7760,554,Distinguished Flying Cross
Private,9351473,Renie,Saenz,8/20/2022,Kazakhstan,F-22,1294,936,Distinguished Flying Cross
Major,3021567,Albertina,Hufton,2/8/2023,Italy,A-10,3705,978,Air Force Commendation Medal
Major,1684473,Jamesy,Goslin,9/11/2022,Egypt,F-16,3769,389,Air Force Achievement Medal
Lieutenant,2181966,Pip,Golbourn,4/29/2022,China,A-10,69,323,Air Force Commendation Medal
Lieutenant,9461249,Judas,Goodlud,11/28/2022,United States,A-10,3671,770,Air Medal
Colonel,5488627,Esra,Daingerfield,4/9/2023,Argentina,F-22,4796,319,Air Medal
Colonel,1337633,Reginauld,Berkely,7/14/2022,Nepal,F-35,6429,124,Distinguished Flying Cross
Private,5268055,Ethelbert,Anespie,10/7/2022,Poland,A-10,620,982,Air Force Commendation Medal
Captain,6572821,Gran,Flowers,1/31/2023,China,F-18,4763,654,Air Force Achievement Medal
Major,9920005,Hurley,Behrendsen,2/18/2023,China,F-18,8239,617,Air Force Achievement Medal
Major,7459434,Giorgi,Nation,3/15/2023,Cameroon,F-35,920,319,Air Medal
Private,9558190,Korry,Seage,5/25/2022,Malaysia,F-22,3214,508,Air Force Achievement Medal
Major,5106902,Edithe,Fyers,2/21/2023,China,F-16,6560,956,Distinguished Flying Cross
Lieutenant,1370804,Malchy,Asel,7/1/2022,China,F-16,4172,233,Distinguished Flying Cross
Private,1263895,Korney,Wodeland,3/10/2023,Bulgaria,F-22,1034,539,Distinguished Flying Cross
Colonel,1142269,Jerrilee,Braybrooke,7/17/2022,Russia,A-10,9209,165,Air Medal
Major,5089044,Case,Levy,12/22/2022,Russia,F-35,9992,222,Air Force Achievement Medal
Sergeant,3708060,Bennett,Marty,4/3/2023,Philippines,F-16,5620,3,Air Force Achievement Medal
Sergeant,4239643,Carry,Moubray,2/9/2023,Ethiopia,A-10,3254,366,Air Medal
Private,9728583,Shurlocke,Gulliford,7/24/2022,Poland,A-10,8806,773,Air Force Achievement Medal
Lieutenant,2260622,Maurise,Iacovielli,3/30/2023,China,A-10,7880,142,Air Force Commendation Medal
Private,2639431,Alisha,Brumfield,1/20/2023,Philippines,F-18,7457,112,Air Medal
Lieutenant,4656721,Albina,Hick,4/16/2022,Indonesia,F-35,361,473,Air Force Commendation Medal
General,2757278,Yevette,Stuttman,6/30/2022,Switzerland,A-10,6167,163,Distinguished Flying Cross
Major,2942102,Doralin,Blatcher,3/28/2023,Central African Republic,F-18,2931,403,Distinguished Flying Cross
Major,7749602,Saundra,Geane,10/24/2022,Kosovo,F-35,1757,682,Air Medal
Private,7141422,Kristoforo,Pighills,10/5/2022,China,F-16,9822,196,Distinguished Flying Cross
Major,4271835,Susana,Cornock,9/16/2022,Georgia,F-18,775,437,Air Force Commendation Medal
Colonel,4583871,Meridel,Althorp,7/29/2022,Poland,F-22,2343,501,Air Force Achievement Medal
General,7771157,Bobbette,Vasnev,7/14/2022,Japan,F-22,6688,631,Air Force Commendation Medal
Lieutenant,4216478,Joella,Winslade,3/3/2023,Ethiopia,F-18,7196,416,Air Force Commendation Medal
Colonel,1075621,Cosmo,Kingsley,4/17/2022,Haiti,F-18,54,937,Distinguished Flying Cross
Corporal,5436333,Annabella,Aizkovitch,4/12/2022,China,F-22,2515,342,Distinguished Flying Cross
Major,4135130,Kimball,Sitch,10/10/2022,Sweden,A-10,9904,228,Air Force Achievement Medal
Lieutenant,8501148,Arleta,Bough,1/7/2023,China,F-35,4127,663,Distinguished Flying Cross
General,8259837,Wyndham,Coulthard,4/28/2022,Ukraine,F-16,8512,219,Air Medal
General,8988081,Zolly,Evesque,10/27/2022,Indonesia,F-22,5994,484,Air Force Achievement Medal
General,6089672,Hermina,Darby,3/22/2023,Tunisia,F-35,1994,623,Air Force Commendation Medal
Captain,6832826,Kirbee,Meenehan,7/6/2022,Portugal,F-35,4296,851,Air Medal
Captain,2670863,Amy,Fittall,11/2/2022,Brazil,F-35,8106,780,Air Force Achievement Medal
Sergeant,7806774,Caprice,Blackney,3/18/2023,Indonesia,F-22,6857,702,Air Force Commendation Medal
Corporal,2631851,Rolph,Marskell,1/30/2023,Finland,F-16,2116,407,Air Force Commendation Medal
Private,8976082,Darsey,Bravington,12/30/2022,Russia,F-22,5775,52,Air Force Commendation Medal
Major,1919116,L;urette,Bulbrook,4/25/2022,Brazil,F-16,8184,252,Air Medal
Captain,6450098,Brion,Le Noury,8/6/2022,Comoros,F-16,8914,337,Air Force Achievement Medal
Corporal,7692053,Rudolph,Habberjam,5/13/2022,China,F-22,3323,880,Distinguished Flying Cross
Captain,5547142,Nesta,Hestrop,6/6/2022,China,F-35,7405,601,Air Medal
Colonel,3315880,Fallon,Skoggins,11/20/2022,Indonesia,F-22,6907,611,Distinguished Flying Cross
Captain,2534246,Lula,Dinzey,1/12/2023,Indonesia,F-18,7929,101,Air Medal
Major,8719387,Adrien,Fulloway,10/26/2022,Poland,F-22,8852,366,Air Force Achievement Medal
Sergeant,9420017,Erasmus,Sharram,12/25/2022,Luxembourg,A-10,4851,619,Air Medal
Private,9338533,Whitney,Cona,10/20/2022,Indonesia,F-22,3507,215,Air Force Commendation Medal
Colonel,8520463,Geoffrey,Fraser,11/9/2022,China,F-22,5065,81,Distinguished Flying Cross
Major,2990673,Giffy,Jiggens,10/10/2022,Poland,F-35,3882,224,Air Force Commendation Medal
Major,6663219,Josephina,Yea,3/24/2023,France,F-22,595,637,Air Force Achievement Medal
Captain,1156112,Torr,Kellert,7/24/2022,China,F-22,5504,590,Distinguished Flying Cross
General,7760155,Mendie,Beagen,3/13/2023,Portugal,F-18,2745,308,Distinguished Flying Cross
Captain,1978978,Pauline,Footitt,9/3/2022,China,F-16,6761,584,Air Force Commendation Medal
Major,9053590,Bail,Hold,11/24/2022,China,F-16,6442,155,Air Medal
Colonel,6218224,Antonin,Doul,9/5/2022,North Korea,A-10,6850,756,Air Force Achievement Medal
General,1573738,Iormina,Caughan,2/26/2023,China,F-18,7773,425,Air Force Achievement Medal
Sergeant,1144465,Domenico,Hansemann,2/4/2023,China,A-10,9775,26,Air Force Achievement Medal
Captain,8975398,Karen,Foltin,2/10/2023,Indonesia,F-22,6828,970,Air Medal
Colonel,9406775,Sher,Russell,9/24/2022,Dominican Republic,F-18,7635,56,Air Force Commendation Medal
Colonel,7299119,Goober,Gonzalo,7/21/2022,Poland,F-22,981,151,Distinguished Flying Cross
Corporal,4246456,Charita,Roffey,3/19/2023,Czech Republic,F-22,4039,713,Distinguished Flying Cross
Colonel,2197532,Averil,Jillard,12/4/2022,Argentina,A-10,8457,95,Air Force Achievement Medal
Captain,7690933,Rhodie,Goodinge,2/28/2023,China,F-18,7653,885,Air Force Achievement Medal
Sergeant,5352541,Marice,Leadbeater,2/14/2023,Canada,F-35,6484,956,Distinguished Flying Cross
Colonel,5078155,Lezley,Wooller,9/6/2022,Canada,F-35,5857,963,Distinguished Flying Cross
Sergeant,4389294,Harriot,Brettelle,10/24/2022,Philippines,F-22,3348,608,Air Force Commendation Medal
Major,4269882,Gothart,Gommey,9/3/2022,Czech Republic,F-16,1634,73,Air Force Commendation Medal
Corporal,9399975,Eduardo,Pearcy,3/9/2023,Sweden,A-10,7326,112,Air Medal
Major,7455261,Cloe,Strongman,2/3/2023,Indonesia,F-35,5825,206,Air Medal
General,4630744,Sansone,Fleg,4/19/2022,China,F-18,2063,127,Air Force Commendation Medal
Sergeant,7640520,Cedric,Offin,5/29/2022,Anguilla,F-35,33,661,Air Force Commendation Medal
Sergeant,9466976,Ree,Komorowski,12/5/2022,Sweden,F-22,8069,637,Air Force Commendation Medal
Captain,9311436,Hercule,Doy,5/5/2022,Russia,A-10,4352,687,Air Force Achievement Medal
Major,7558808,Claresta,Teresi,11/21/2022,Czech Republic,F-18,6213,477,Air Force Achievement Medal
Major,9963801,Alida,Porcas,1/24/2023,Sweden,F-22,5411,218,Air Force Commendation Medal
Lieutenant,1460780,Barret,Kreutzer,12/19/2022,Philippines,F-18,4292,917,Air Force Achievement Medal
Lieutenant,1845369,Cookie,Entreis,1/12/2023,Colombia,F-18,9117,931,Air Force Achievement Medal
Private,6168939,Rebbecca,Vigers,9/3/2022,Sweden,F-35,1985,642,Distinguished Flying Cross
Sergeant,7997210,Alberik,Gaywood,8/9/2022,Yemen,F-35,7068,361,Air Force Commendation Medal
General,5296387,Urban,Brimicombe,8/17/2022,Brazil,F-35,7852,701,Distinguished Flying Cross
Private,7406619,Bev,Stainton,5/28/2022,Russia,F-16,1568,597,Air Force Commendation Medal
Colonel,9954049,Birgitta,Hince,1/1/2023,Ukraine,A-10,1098,669,Air Medal
Private,2038300,Roslyn,Whitnell,5/23/2022,Argentina,F-18,1392,705,Distinguished Flying Cross
Corporal,7355776,Krishna,Persicke,7/7/2022,China,F-16,1725,441,Distinguished Flying Cross
Major,1680048,Sarette,Fadian,7/12/2022,Philippines,F-16,8436,916,Air Force Achievement Medal
Colonel,7267632,Cobby,Pavlovic,8/8/2022,Poland,F-35,7273,124,Distinguished Flying Cross
Lieutenant,9737710,Angele,Barrand,10/10/2022,Tanzania,A-10,6374,335,Distinguished Flying Cross
Captain,2888442,Ellswerth,Davidzon,6/10/2022,China,F-35,8111,736,Distinguished Flying Cross
Captain,5946952,Leupold,Thoms,12/8/2022,China,F-22,438,102,Air Force Commendation Medal
Private,8772735,Quinton,Coniff,2/2/2023,Yemen,F-16,345,893,Air Force Commendation Medal
Lieutenant,6269275,Ray,Chattell,12/13/2022,China,F-35,3002,500,Air Force Commendation Medal
Colonel,4941287,Andie,Hardisty,3/9/2023,Argentina,F-18,3934,547,Distinguished Flying Cross
Colonel,3605265,Donnajean,Faircliff,10/25/2022,Mexico,F-16,4554,618,Air Force Commendation Medal
Colonel,6739926,Mort,Norwood,12/3/2022,Sweden,F-22,2188,288,Air Force Commendation Medal
Sergeant,8886508,Sheppard,Walling,11/30/2022,Togo,F-35,4612,737,Distinguished Flying Cross
Major,1780537,Marlyn,Bolland,11/6/2022,Indonesia,F-16,2402,611,Distinguished Flying Cross
Private,6702584,Devlin,Pote,6/24/2022,Chile,F-22,1760,267,Air Force Commendation Medal
Lieutenant,7204173,Kendre,Bahde,9/24/2022,Sweden,F-35,6030,12,Air Force Commendation Medal
Major,7489829,Edlin,Sterman,4/3/2023,South Africa,F-18,975,515,Air Medal
Colonel,5913358,Forbes,Birkmyre,3/6/2023,Indonesia,F-22,5761,497,Air Force Commendation Medal
Colonel,8856053,Marquita,Gerty,2/6/2023,Sweden,F-22,5735,762,Air Force Commendation Medal
Private,4255950,Otes,Gyorffy,1/3/2023,Malta,F-35,1704,578,Distinguished Flying Cross
Private,8970740,Callie,Aveyard,5/10/2022,Cuba,F-35,6469,534,Air Medal
General,2608624,Tiffani,MacAdam,2/10/2023,Philippines,F-35,3059,781,Air Medal
Corporal,4268190,Adriano,Dewdney,9/20/2022,China,F-16,690,928,Air Force Achievement Medal
General,1617963,Tomkin,Domoni,12/27/2022,Mauritius,F-35,8637,989,Distinguished Flying Cross
Sergeant,1496287,Gabrila,Hutchens,11/22/2022,Myanmar,F-35,2332,167,Air Medal
Lieutenant,4927934,Ashlen,Kinnach,6/14/2022,Morocco,F-22,808,52,Air Force Commendation Medal
Lieutenant,2380346,Hugh,Swatradge,1/25/2023,Indonesia,F-22,1351,194,Distinguished Flying Cross
Sergeant,9116780,Reidar,Dran,3/16/2023,Zimbabwe,F-35,7005,85,Air Force Commendation Medal
Corporal,5976142,Orion,McSperrin,6/22/2022,United States,F-18,4313,815,Air Medal
Sergeant,5623009,Raven,Karpenya,4/26/2022,China,F-22,3869,927,Air Force Achievement Medal
Private,6805391,Moss,Ruddy,2/19/2023,China,F-22,4588,617,Distinguished Flying Cross
Captain,1598475,Cord,Flindall,3/25/2023,Canada,F-16,6990,193,Air Force Commendation Medal
General,2123017,Sal,Mashal,10/7/2022,Guatemala,A-10,3092,420,Air Medal
Major,5924832,Corabelle,Ramshay,12/3/2022,China,F-16,7899,857,Air Force Achievement Medal
Lieutenant,4256024,Eimile,Whale,11/10/2022,Portugal,A-10,2578,731,Air Medal
Private,6450256,Sidney,Maffiotti,3/28/2023,Tunisia,A-10,734,522,Air Medal
Private,2275352,Cyndi,McKillop,7/31/2022,Kazakhstan,F-22,992,558,Air Force Achievement Medal
Major,7770214,Masha,Bleazard,10/14/2022,North Korea,F-35,9799,277,Air Medal
Captain,7177357,Val,McRae,6/18/2022,China,F-35,9554,49,Air Force Achievement Medal
Lieutenant,4968848,Winfred,Di Bernardo,4/13/2022,Palau,F-35,5939,220,Air Medal
Sergeant,4636455,Bendite,Kassidy,8/21/2022,Chile,F-22,1241,129,Air Force Commendation Medal
Colonel,1045767,Ernie,Reddecliffe,10/12/2022,Uzbekistan,F-18,2925,322,Air Force Commendation Medal
Corporal,7174405,Wright,Orsay,11/2/2022,China,F-18,9199,475,Air Force Commendation Medal
Sergeant,2052501,Tiertza,Pimm,1/15/2023,Philippines,A-10,2528,405,Air Medal
General,6711189,Meryl,Siaspinski,1/7/2023,Sierra Leone,F-16,7077,588,Distinguished Flying Cross
Lieutenant,7739629,Nessie,Heintz,10/25/2022,Ethiopia,A-10,4536,598,Air Force Commendation Medal
Colonel,6523416,Daniella,Pittel,8/18/2022,Philippines,F-22,3558,524,Distinguished Flying Cross
General,8759516,Patrice,Nossent,11/29/2022,Philippines,F-16,487,77,Air Force Commendation Medal
Private,5213746,Lindsey,Broszkiewicz,1/11/2023,China,A-10,8303,932,Air Force Commendation Medal
Captain,5169369,Mortimer,Kleuer,3/24/2023,Brazil,F-18,3567,879,Distinguished Flying Cross
Major,6452899,Aime,Featherstonehaugh,2/26/2023,Indonesia,F-22,2254,134,Air Medal
Private,6152167,Rubetta,Glasspoole,9/20/2022,China,F-35,5510,369,Air Medal
Private,2020981,Addie,Mudd,9/30/2022,Bosnia and Herzegovina,F-18,5335,919,Distinguished Flying Cross
Major,9969628,Hayley,covino,8/13/2022,Indonesia,F-18,9429,260,Air Force Achievement Medal
Major,5785299,Cloris,Lecky,7/22/2022,Indonesia,F-35,4725,28,Air Force Achievement Medal
Corporal,2296230,Serena,Goodley,10/18/2022,France,A-10,2040,391,Air Force Achievement Medal
Colonel,5546838,Ferne,Melesk,10/16/2022,United States,F-35,7897,322,Distinguished Flying Cross
Sergeant,9370914,Hansiain,Borell,1/27/2023,China,F-22,4079,367,Air Force Commendation Medal
Lieutenant,1035204,Cyril,Tamsett,6/9/2022,Indonesia,A-10,9947,923,Air Force Achievement Medal
Major,7114555,Carolina,Kohler,10/29/2022,Israel,F-35,4039,114,Air Medal
Captain,1552141,Gunther,Sawood,3/27/2023,Angola,F-16,8458,546,Distinguished Flying Cross
General,7951941,Tuesday,Tinwell,10/17/2022,Afghanistan,F-18,2994,930,Air Force Achievement Medal
Captain,5544562,Yorgos,Peploe,5/16/2022,Portugal,F-22,1378,81,Air Force Commendation Medal
General,7152861,Chicky,Penniall,11/5/2022,Thailand,F-35,9537,836,Distinguished Flying Cross
Captain,5155755,Kenyon,Ferraresi,7/19/2022,Russia,F-18,7825,332,Distinguished Flying Cross
Colonel,3884643,Alistair,Menego,3/24/2023,Philippines,A-10,3901,518,Air Force Achievement Medal
Major,7496950,Lane,Overstone,5/15/2022,Botswana,F-16,4470,904,Distinguished Flying Cross
Sergeant,7842529,Juditha,Parnall,5/24/2022,Mauritius,F-16,5564,515,Distinguished Flying Cross
Captain,1537472,Gaspar,Kupisz,2/14/2023,Finland,F-22,4486,437,Air Force Commendation Medal
Corporal,6262627,Leeann,Simkins,9/22/2022,Sweden,F-18,5199,741,Distinguished Flying Cross
Lieutenant,5530914,Kizzee,Brandenburg,7/27/2022,China,F-16,8491,903,Air Force Commendation Medal
Sergeant,2217489,Claudell,Breache,5/2/2022,Poland,A-10,1004,297,Distinguished Flying Cross
Corporal,4414372,Lia,Yepiskov,7/19/2022,Thailand,A-10,3440,264,Air Force Achievement Medal
General,7446787,Far,Tunney,7/4/2022,Japan,F-18,8079,429,Air Force Achievement Medal
Private,3117032,Grier,Abrahamsen,8/17/2022,China,F-18,7175,874,Air Force Achievement Medal
Colonel,9901742,Jeanelle,Estcot,7/26/2022,Poland,F-35,9717,676,Distinguished Flying Cross
Corporal,6223627,Haven,Linge,12/28/2022,Russia,A-10,6217,505,Air Medal
General,4706365,Conrade,Monan,12/19/2022,Yemen,F-18,6714,902,Distinguished Flying Cross
General,4507081,Noland,Cutchee,9/12/2022,Portugal,F-18,4620,544,Air Force Achievement Medal
Major,6713440,Earvin,Ortler,11/17/2022,France,F-18,6708,53,Air Force Achievement Medal
Private,8151509,Sherwood,Fearneley,5/10/2022,Indonesia,F-35,582,208,Air Force Commendation Medal
Lieutenant,3869225,Vidovic,Alldred,12/3/2022,Thailand,A-10,1851,748,Air Force Commendation Medal
Colonel,6225472,Elyssa,Lapham,7/12/2022,Indonesia,F-16,3779,235,Air Force Achievement Medal
Sergeant,3130338,Binnie,O'Halleghane,6/20/2022,Thailand,F-16,4945,620,Air Medal
Sergeant,8955704,Carlynn,Sainz,12/1/2022,Philippines,F-35,3711,490,Air Medal
Private,7912364,Tobe,Farn,1/29/2023,Sweden,A-10,9712,645,Air Force Achievement Medal
Corporal,4552404,Waldon,Lackey,7/5/2022,Indonesia,A-10,218,279,Air Force Commendation Medal
Corporal,7841690,Brooks,Tomalin,9/27/2022,Indonesia,A-10,275,163,Air Force Commendation Medal
Colonel,9471744,Farrand,Abrahamson,12/29/2022,Nepal,F-16,297,566,Air Medal
General,1685322,Kizzee,Dibb,6/30/2022,Philippines,F-18,1432,519,Distinguished Flying Cross
Major,8076446,Marcia,Maber,12/6/2022,Bangladesh,A-10,1809,693,Air Force Achievement Medal
Corporal,5200247,Auberta,Maleham,4/24/2022,France,F-18,8853,438,Distinguished Flying Cross
General,5912157,Adamo,Capin,9/14/2022,Kazakhstan,F-35,5356,242,Air Force Achievement Medal
Colonel,3497580,Abbe,Gregoletti,6/8/2022,Indonesia,F-16,5696,87,Air Force Commendation Medal
Major,6944208,Ulla,Dougharty,3/11/2023,Indonesia,F-35,113,303,Distinguished Flying Cross
Corporal,7180560,Phillida,Cremins,5/12/2022,South Korea,A-10,4871,864,Air Force Achievement Medal
Lieutenant,5630209,Tallie,Mueller,5/26/2022,Poland,F-35,9430,749,Air Force Commendation Medal
Private,1436030,Dewain,Finnimore,1/24/2023,China,F-16,4001,288,Air Force Achievement Medal
Colonel,5639120,Jerrilyn,Kempson,9/17/2022,United States,F-35,7725,50,Air Force Commendation Medal
Private,6075083,Rod,Kunert,6/29/2022,Belize,F-16,9021,415,Distinguished Flying Cross
Corporal,8391217,Miner,Harbach,12/23/2022,Portugal,F-16,1401,807,Distinguished Flying Cross
Lieutenant,6722629,Brittney,Stoyles,3/3/2023,Brazil,A-10,8410,828,Distinguished Flying Cross
Corporal,5177773,Nathanael,Decaze,12/28/2022,Canada,F-18,2742,68,Distinguished Flying Cross
Corporal,4511139,Nat,Cradick,8/19/2022,Indonesia,F-22,303,21,Air Force Achievement Medal
Colonel,9112830,Erinn,Kingswell,8/15/2022,New Zealand,A-10,2672,337,Air Medal
Private,3529271,Cate,Fleckness,8/23/2022,Indonesia,F-22,6317,565,Air Medal
Major,9755284,Bailey,Nanninini,1/3/2023,Philippines,A-10,2087,740,Distinguished Flying Cross
Major,1534795,Ernest,Tedahl,6/14/2022,China,F-16,851,160,Distinguished Flying Cross
Corporal,7766426,Ida,Sprott,9/20/2022,China,F-22,6184,968,Air Medal
Sergeant,3398239,Sky,Erdis,11/5/2022,China,F-16,8588,350,Distinguished Flying Cross
Sergeant,7769788,Mellisa,Perelli,6/22/2022,Bolivia,F-35,9810,699,Distinguished Flying Cross
Lieutenant,9758832,Margot,Baumber,11/8/2022,Nigeria,F-18,2773,659,Air Force Achievement Medal
Corporal,4593097,Lanna,McGonnell,4/5/2023,Paraguay,F-22,4611,746,Distinguished Flying Cross
Sergeant,3206690,Isac,McFadin,6/25/2022,Argentina,F-18,9187,839,Air Force Achievement Medal
Colonel,2715936,Tuck,Ruskin,7/21/2022,France,F-16,7763,321,Air Medal
Lieutenant,2756038,Rosabella,Sussex,6/2/2022,Portugal,F-22,6359,919,Air Medal
Lieutenant,3719982,Ania,Dinneges,7/28/2022,Botswana,A-10,8691,226,Distinguished Flying Cross
General,5765533,Anton,Omond,8/30/2022,Thailand,A-10,7566,241,Air Force Commendation Medal
Corporal,5084509,Hortensia,Alvarado,1/21/2023,Brazil,F-18,4920,348,Air Force Commendation Medal
Sergeant,2249858,Ema,Lynam,4/12/2022,China,F-18,6944,364,Air Force Achievement Medal
Captain,3447571,Romonda,Witson,7/18/2022,Ireland,F-16,4865,612,Air Force Commendation Medal
Sergeant,4717148,Gaspar,Maulin,7/12/2022,Russia,F-35,5757,448,Distinguished Flying Cross
Major,3951378,Nicoli,Joannidi,2/14/2023,Russia,F-16,2530,112,Distinguished Flying Cross
Colonel,9532829,Merline,Grogona,12/16/2022,Indonesia,F-22,5708,516,Distinguished Flying Cross
Corporal,5945910,Allister,Tailby,5/5/2022,Russia,A-10,6712,531,Air Medal
Lieutenant,8491498,Giacopo,Fountaine,11/23/2022,Canada,F-16,7890,944,Air Medal
Sergeant,5367315,Adolph,Hadwen,2/23/2023,Indonesia,F-18,4004,833,Distinguished Flying Cross
Captain,2885845,Maddy,Woodyeare,8/10/2022,Portugal,F-18,4681,975,Air Medal
Sergeant,3933155,Ortensia,Hasty,6/20/2022,Thailand,A-10,8201,998,Air Medal
Lieutenant,4096862,Jocko,Shimon,2/28/2023,China,F-18,2227,555,Air Force Achievement Medal
Corporal,5541101,Kimmie,Copping,6/7/2022,United States,F-22,9693,648,Air Medal
Colonel,1992146,Lisetta,Parris,1/2/2023,Nigeria,F-16,2432,421,Distinguished Flying Cross
Major,4341450,Ronnie,O'Fielly,8/22/2022,Pakistan,F-35,4657,67,Distinguished Flying Cross
Major,4457439,Kelwin,Inglesfield,10/20/2022,Indonesia,F-35,7721,399,Air Medal
General,4787414,Purcell,Itzkowicz,12/1/2022,China,F-22,4932,993,Air Force Achievement Medal
Corporal,9236608,Holly,Gherardini,5/14/2022,Indonesia,F-22,5497,778,Air Force Commendation Medal
Lieutenant,8109273,Consalve,MacCague,4/25/2022,Portugal,F-22,8152,668,Air Force Commendation Medal
Major,1750377,Reilly,Catterall,9/17/2022,Kazakhstan,F-35,568,931,Air Medal
General,6103854,Aidan,Rolf,1/1/2023,Philippines,F-35,5783,494,Air Force Achievement Medal
Captain,2749519,Tades,Redmain,11/13/2022,Panama,F-35,8595,254,Air Force Achievement Medal
Lieutenant,9595030,Joshuah,Streets,1/9/2023,Thailand,F-16,8596,809,Distinguished Flying Cross
Colonel,7744252,Eli,Winspurr,3/30/2023,Germany,F-18,2231,232,Air Force Achievement Medal
Colonel,6213154,Uta,Diem,7/5/2022,Bulgaria,F-35,592,519,Air Medal
General,3789941,Michaela,Chessun,1/25/2023,Poland,A-10,3538,810,Air Medal
Corporal,5366929,Richardo,Jermey,6/22/2022,Poland,F-16,847,433,Air Medal
Sergeant,4099229,Mord,Swoffer,1/4/2023,Philippines,F-22,7735,693,Air Force Achievement Medal
Captain,7482009,Aaren,Gergher,2/8/2023,Brazil,F-16,7653,622,Air Medal
Corporal,4105803,Ciel,O'Hagirtie,11/19/2022,France,F-18,1676,261,Air Force Commendation Medal
Lieutenant,4876998,Forest,Mordon,8/22/2022,Portugal,F-35,8753,443,Air Medal
Lieutenant,7940850,Finley,Goodley,6/8/2022,Latvia,F-35,3057,647,Air Force Achievement Medal
Captain,9506250,Ariadne,Brayfield,3/14/2023,Portugal,F-18,6463,654,Air Force Achievement Medal
Sergeant,4154495,Shepperd,Jeste,1/2/2023,Russia,F-16,779,44,Air Medal
Sergeant,7909513,Trudey,Bains,12/7/2022,China,A-10,4085,541,Distinguished Flying Cross
Sergeant,5967417,Malvin,Gerardot,10/5/2022,China,F-18,5280,695,Air Medal
Captain,2836619,Dre,McGookin,4/16/2022,Vietnam,F-16,7190,773,Air Force Commendation Medal
Major,5225774,Lorry,Barby,8/16/2022,Italy,A-10,8152,317,Air Medal
Corporal,7243152,Lewiss,Golding,7/12/2022,Indonesia,F-22,1307,475,Air Force Achievement Medal
Colonel,5075291,Costanza,Sandys,9/27/2022,Serbia,F-35,7089,996,Distinguished Flying Cross
Private,4275736,Harold,Finlaison,8/29/2022,China,F-16,7907,186,Air Medal
Captain,3337533,Morena,Sabate,5/23/2022,Indonesia,F-16,7784,278,Distinguished Flying Cross
General,7725694,Milli,Dable,10/22/2022,Yemen,F-22,8188,456,Air Medal
General,2886296,Andrej,Buckel,8/11/2022,China,F-16,6311,703,Distinguished Flying Cross
Major,4728997,Stavro,Mallindine,10/12/2022,Thailand,F-16,6086,524,Air Force Achievement Medal
Major,4991053,Perceval,Durrand,8/3/2022,Latvia,F-18,5307,118,Air Medal
Corporal,9670035,Robbin,Hatcher,4/29/2022,China,F-18,2206,533,Air Force Commendation Medal
Captain,5376720,Christiano,Burbidge,1/14/2023,Indonesia,F-18,9967,906,Air Force Achievement Medal
Major,1045423,Alethea,Kellington,7/2/2022,China,F-18,6128,287,Air Medal
Colonel,2525992,Frieda,Schutter,10/2/2022,Yemen,F-35,8778,646,Air Force Achievement Medal
Sergeant,9815658,Mathilde,Pleager,1/4/2023,China,F-22,1926,707,Air Medal
Sergeant,9661437,Darill,Pauleau,11/25/2022,Pakistan,A-10,2118,626,Air Force Achievement Medal
General,4712182,Bryn,Kiddey,12/25/2022,Colombia,A-10,480,850,Air Medal
Major,6157016,Myranda,Erasmus,5/7/2022,Indonesia,A-10,9387,372,Air Force Achievement Medal
Captain,9259292,Melly,Ketteman,6/1/2022,Nigeria,F-22,875,908,Air Medal
Major,3907389,Alick,McEntegart,6/25/2022,China,F-18,8220,714,Distinguished Flying Cross
Captain,2269724,Cathleen,Lamartine,3/7/2023,Cuba,F-18,1691,9,Air Force Achievement Medal
Colonel,3107255,Sonja,Gammet,5/21/2022,Tanzania,F-35,1643,643,Distinguished Flying Cross
Major,1449944,Vanda,Managh,2/17/2023,Ukraine,F-16,6093,111,Air Medal
Sergeant,4076468,Randee,Furlow,10/11/2022,Greece,F-35,6091,589,Air Force Achievement Medal
Major,2430560,Hetty,Jerger,8/14/2022,Bolivia,F-18,2916,144,Air Medal
General,8131829,Hamnet,Durtnal,10/20/2022,Netherlands,F-35,633,767,Air Force Achievement Medal
General,3181958,Cassius,Huggins,12/3/2022,China,F-16,5890,862,Air Force Achievement Medal
Captain,6906665,Alvinia,Ginnane,3/18/2023,Russia,F-22,5378,501,Air Force Commendation Medal
Sergeant,1175867,Jaine,Kaley,12/7/2022,Macedonia,F-35,6278,504,Distinguished Flying Cross
Lieutenant,3793005,Danny,Brocklehurst,9/12/2022,Thailand,F-16,6774,511,Air Medal
Colonel,8200484,Myriam,Cullinan,11/11/2022,Brazil,A-10,8041,650,Air Medal
Major,9337164,Katha,Stallon,6/1/2022,Brazil,F-16,7610,163,Air Force Achievement Medal
Colonel,8155378,Gerrard,Arrundale,8/17/2022,China,F-18,6722,831,Distinguished Flying Cross
Lieutenant,5508212,Thorn,Stoffler,8/1/2022,Spain,F-35,1308,681,Air Medal
Colonel,7832327,Der,Joslin,5/18/2022,China,A-10,4076,854,Distinguished Flying Cross
Lieutenant,3226301,Lloyd,Garret,4/20/2022,Japan,F-16,5264,734,Distinguished Flying Cross
Sergeant,1624757,Marys,Wardhaw,8/9/2022,Portugal,F-16,547,407,Distinguished Flying Cross
Corporal,3591047,Pasquale,Etchells,1/4/2023,Burkina Faso,F-22,3479,60,Distinguished Flying Cross
Captain,6914378,Sabine,Orpyne,3/6/2023,China,F-35,4540,14,Air Medal
Corporal,8623462,Bearnard,Twaite,5/6/2022,Belarus,A-10,947,506,Air Force Achievement Medal
Lieutenant,8532070,Batsheva,Mabone,5/27/2022,Lithuania,A-10,3583,214,Air Medal
Corporal,6686118,Renault,Garmans,12/21/2022,Japan,F-35,4847,682,Air Force Commendation Medal
Sergeant,4422872,Hy,Garratty,10/9/2022,China,A-10,6800,517,Air Force Commendation Medal
Corporal,9359094,Jacki,Kenwyn,5/4/2022,China,F-18,4830,924,Air Force Commendation Medal
General,4639640,Marice,Hidderley,1/11/2023,Indonesia,F-22,3077,605,Air Force Commendation Medal
Private,4757731,Gerardo,Cleynman,8/8/2022,Mexico,A-10,5163,437,Air Force Achievement Medal
Colonel,9401235,Saxe,Jaycock,3/4/2023,Brazil,F-22,7635,634,Distinguished Flying Cross
Colonel,1423753,Genevra,Costello,8/21/2022,Indonesia,F-35,9168,829,Air Force Achievement Medal
Colonel,1872661,Gilbertine,Stanners,12/3/2022,Indonesia,F-18,9075,859,Distinguished Flying Cross
Corporal,1704111,Ami,Gerrelt,1/15/2023,Russia,F-35,381,40,Air Medal
Colonel,7047515,Eben,Jerosch,10/30/2022,Indonesia,F-35,1764,125,Air Medal
Major,2194710,Melamie,Andri,11/14/2022,China,F-18,2615,491,Distinguished Flying Cross
Captain,3943545,Celestyna,Croan,1/12/2023,Indonesia,A-10,5327,753,Air Force Achievement Medal
General,7322257,Lucio,Lewsam,9/5/2022,Colombia,F-16,2916,119,Air Force Commendation Medal
Corporal,8848078,Gian,Sumner,12/22/2022,Russia,F-16,9355,767,Air Force Achievement Medal
Lieutenant,4353752,Othilia,Pietzner,2/19/2023,Indonesia,F-22,1847,481,Air Medal
Colonel,4758970,Mair,Saenz,9/9/2022,Indonesia,F-18,2907,583,Distinguished Flying Cross
Lieutenant,4836858,Lacie,Clew,5/29/2022,Philippines,A-10,3833,595,Distinguished Flying Cross
Sergeant,6580037,Rozalin,Shropsheir,7/5/2022,Portugal,F-22,6813,953,Air Force Commendation Medal
Colonel,6539065,Randall,Rumens,10/25/2022,Pakistan,F-35,7638,414,Distinguished Flying Cross
General,7127821,Sharon,Rainey,7/26/2022,Brazil,F-22,1995,353,Air Medal
General,3297799,Gnni,Laker,10/21/2022,Colombia,F-18,3139,675,Air Force Achievement Medal
Private,2331031,Calvin,Birdis,12/11/2022,Azerbaijan,F-18,9730,897,Air Force Commendation Medal
Captain,4365063,Raphael,Bransom,1/16/2023,China,A-10,2248,830,Distinguished Flying Cross
Private,8888774,Marcelia,Aleksich,10/25/2022,Bosnia and Herzegovina,F-22,78,846,Air Medal
Private,6571828,Kai,Wedlock,10/15/2022,Poland,F-18,4684,346,Air Medal
Corporal,4318598,Toddy,Ondrak,5/2/2022,China,F-18,3976,534,Distinguished Flying Cross
Captain,1092010,Olga,Sibbons,12/27/2022,North Korea,F-22,4625,46,Air Force Achievement Medal
Captain,4793322,Artus,Hurring,8/10/2022,Sweden,F-16,8917,905,Air Force Achievement Medal
Captain,7248458,Rochella,Wetherald,11/17/2022,China,F-18,8105,31,Air Force Achievement Medal
Private,7766081,Teressa,Giblett,8/11/2022,Czech Republic,A-10,8626,548,Air Force Commendation Medal
General,2049803,Desirae,Toffolo,4/25/2022,Peru,A-10,5540,622,Distinguished Flying Cross
Sergeant,3723917,Anjela,Blezard,3/4/2023,China,F-18,7745,763,Air Medal
Lieutenant,1018345,Richmound,Fidler,9/6/2022,Russia,A-10,2249,419,Air Force Achievement Medal
Corporal,3356885,Adda,Longstreeth,9/30/2022,Russia,F-18,6128,846,Air Force Commendation Medal
Corporal,4669708,Silvana,Tenbrug,11/15/2022,Japan,A-10,757,341,Distinguished Flying Cross
Corporal,2755469,Paulette,Althorpe,3/26/2023,China,F-35,6060,199,Air Force Commendation Medal
Colonel,4894268,Sonny,Ranyell,8/30/2022,Russia,F-18,4922,781,Air Force Commendation Medal
Private,4415601,Leopold,Bradneck,7/21/2022,France,A-10,935,99,Air Force Achievement Medal
Major,5912866,Annette,Bassil,12/26/2022,Gambia,F-22,3,297,Air Force Achievement Medal
Colonel,4301839,Renate,Scouller,9/30/2022,Dominican Republic,A-10,7934,389,Air Medal
Lieutenant,4926247,Minna,Linscott,4/16/2022,Poland,A-10,3204,189,Air Force Commendation Medal
Lieutenant,8075264,Arnoldo,Spratley,3/20/2023,Indonesia,A-10,6907,601,Air Force Commendation Medal
Corporal,2453550,Any,Agate,1/13/2023,Indonesia,A-10,7625,338,Air Medal
Corporal,7033495,Richie,O'Dea,10/5/2022,China,F-16,8775,260,Air Force Commendation Medal
Private,4605676,Allison,Exposito,9/10/2022,Kazakhstan,F-16,9526,331,Air Medal
Lieutenant,2301269,Averil,Scothern,12/31/2022,Ukraine,F-22,7744,273,Air Force Achievement Medal
Colonel,1625660,Quinton,Stearn,6/14/2022,Sudan,F-22,4081,701,Air Force Achievement Medal
General,3424369,Rutter,Ecclestone,11/10/2022,Poland,F-18,661,271,Air Force Achievement Medal
Captain,3489901,Stanislas,Jansey,11/21/2022,Brazil,F-35,3889,159,Distinguished Flying Cross
Colonel,5042194,Bette-ann,Skellion,6/12/2022,Philippines,F-16,8523,85,Air Force Achievement Medal
Captain,8365007,Nilson,Lowndsborough,7/24/2022,Georgia,F-35,181,989,Air Force Commendation Medal
Major,9837699,Jereme,Coalburn,12/16/2022,Indonesia,F-16,1127,413,Air Medal
Sergeant,2052706,Nicol,Hamflett,1/28/2023,Indonesia,F-22,4482,646,Distinguished Flying Cross
Captain,7522885,Charmane,Paternoster,10/27/2022,Indonesia,F-16,5989,903,Distinguished Flying Cross
Sergeant,3706209,Sidonia,Kayser,10/3/2022,China,F-16,2392,294,Air Force Achievement Medal
Corporal,7202154,Lavinia,Otridge,12/12/2022,Czech Republic,F-35,1725,881,Distinguished Flying Cross
Major,9943960,Edan,Jeremiah,12/11/2022,Peru,F-35,3684,332,Air Medal
Sergeant,1426269,Aileen,Boyes,1/18/2023,Greece,F-18,383,836,Air Medal
Lieutenant,1243581,Gaston,Burnall,5/31/2022,Malaysia,F-35,2075,738,Air Medal
Colonel,4923132,Kittie,Willey,2/28/2023,China,F-18,7875,579,Distinguished Flying Cross
Private,4971138,Neila,Spikeings,12/5/2022,Russia,A-10,2345,196,Distinguished Flying Cross
Corporal,6598289,Nickolas,Adriaens,4/12/2022,Germany,F-35,2192,645,Air Force Commendation Medal
Major,3751241,Emerson,Iczokvitz,4/3/2023,Syria,F-16,7772,263,Air Medal
Captain,6887928,Estrellita,Frisdick,4/8/2023,Poland,F-16,1792,90,Air Force Commendation Medal
Corporal,7710460,Gilles,Greathead,8/17/2022,France,F-16,6766,993,Distinguished Flying Cross
Captain,5917268,Ethelyn,Shovel,10/5/2022,Indonesia,F-18,3911,309,Distinguished Flying Cross
Sergeant,5381635,Hedy,Pinnell,11/6/2022,China,F-18,2535,273,Air Medal
Captain,3886613,Honey,Mellody,8/11/2022,Brazil,F-22,4960,951,Air Medal
Private,4681325,Mame,Littledike,11/6/2022,China,F-35,759,580,Air Force Achievement Medal
Lieutenant,4916139,Jamaal,Gagen,7/23/2022,China,F-22,1793,477,Air Force Achievement Medal
Sergeant,2300072,Rubin,Scough,1/18/2023,China,F-18,5954,397,Air Force Achievement Medal
Lieutenant,2907135,Ardisj,Drayn,4/21/2022,Canada,F-22,8304,821,Distinguished Flying Cross
Corporal,3353199,Waldemar,Lamp,7/21/2022,Indonesia,F-18,4239,563,Air Medal
Lieutenant,7673767,Giffy,Clineck,4/30/2022,Ireland,F-22,7348,48,Air Medal
Lieutenant,9254640,Lucy,Haggett,8/20/2022,Mexico,F-16,3977,905,Air Force Commendation Medal
General,5045284,Kelly,Hollow,6/20/2022,France,A-10,7400,705,Air Force Commendation Medal
Lieutenant,7250653,Aarika,Wherry,8/11/2022,Indonesia,F-35,1636,565,Distinguished Flying Cross
Captain,2903160,Obie,Basnall,3/17/2023,Philippines,F-35,2062,430,Distinguished Flying Cross
Captain,9255393,Fancie,Barles,8/18/2022,Philippines,A-10,2816,30,Distinguished Flying Cross
Captain,1353409,Fitz,Cluse,4/14/2022,Saudi Arabia,F-18,7632,965,Air Force Commendation Medal
Major,6013084,Ivett,Coffin,1/19/2023,Tunisia,A-10,1996,813,Air Force Commendation Medal
General,8676140,Georgine,Pothergill,2/11/2023,Indonesia,F-22,3407,810,Distinguished Flying Cross
Captain,5251672,Lynnea,Chanson,3/30/2023,Egypt,F-22,9560,25,Air Force Commendation Medal
Lieutenant,4659154,Ruthe,Gilhouley,8/20/2022,China,A-10,6340,758,Distinguished Flying Cross
Sergeant,9600477,Burton,Ivanchin,3/1/2023,Italy,F-35,9124,365,Distinguished Flying Cross
General,3749850,Rozalin,Camp,5/28/2022,Poland,F-18,7644,660,Air Force Achievement Medal
Captain,5342283,Ericka,Normington,11/29/2022,Thailand,A-10,7074,737,Air Medal
Colonel,2313739,Konstantin,Vescovini,11/8/2022,China,F-22,2144,372,Air Force Commendation Medal
Major,9622160,Reuven,Warcup,9/18/2022,Kazakhstan,F-16,1684,987,Distinguished Flying Cross
Captain,8062677,Beau,Kingsmill,1/22/2023,Indonesia,F-18,5906,967,Air Force Achievement Medal
Captain,6976061,Corbett,Carss,12/9/2022,United States,A-10,2283,93,Air Force Achievement Medal
Colonel,2845797,Sharon,Edison,1/3/2023,Indonesia,F-22,831,403,Distinguished Flying Cross
Sergeant,8697101,Manda,Weldon,6/4/2022,Uganda,F-35,9055,301,Air Force Commendation Medal
Lieutenant,9842012,Erinn,Winspear,12/7/2022,Indonesia,A-10,6382,411,Distinguished Flying Cross
General,9859773,Scot,Rocks,10/20/2022,El Salvador,A-10,4919,84,Air Force Achievement Medal
Private,4447042,Claresta,Ord,7/26/2022,Russia,F-22,7100,950,Air Force Commendation Medal
Lieutenant,1736449,Paulita,Medeway,5/13/2022,China,F-18,1871,628,Distinguished Flying Cross
Captain,1609802,Cody,Drummond,5/23/2022,Brazil,F-18,9552,286,Air Force Achievement Medal
Lieutenant,9941080,Zulema,Filkov,9/11/2022,Vietnam,F-16,2723,250,Distinguished Flying Cross
Colonel,6376542,Adey,Gerbi,7/24/2022,Ukraine,F-35,6763,738,Air Force Achievement Medal
Captain,3225255,Denver,Bonnett,12/18/2022,Russia,F-35,6592,794,Distinguished Flying Cross
Corporal,1294482,Suzi,Bezarra,2/3/2023,China,F-35,6642,58,Air Force Commendation Medal
General,3600190,Ann-marie,Bramich,11/6/2022,Thailand,F-16,1361,374,Air Medal
Sergeant,8519661,Hamil,Frosdick,6/23/2022,Russia,F-35,9017,477,Air Medal
Major,8277747,Thomas,Rebanks,3/7/2023,Philippines,F-22,6257,192,Air Medal
Corporal,1733069,Edouard,Taffarello,5/6/2022,Poland,F-35,5235,439,Air Medal
Sergeant,8431113,Hieronymus,Pond-Jones,12/2/2022,South Africa,F-16,3183,40,Air Force Commendation Medal
Sergeant,9886457,Karly,Wingate,7/13/2022,Kazakhstan,F-16,6108,376,Air Medal
Private,9946403,Fancy,Tanti,5/16/2022,Serbia,A-10,8216,744,Air Force Achievement Medal
Sergeant,5898902,Stephine,Fallow,6/4/2022,China,F-35,9670,211,Air Force Commendation Medal
Sergeant,6179364,Sigrid,Biasini,5/16/2022,Indonesia,F-35,7235,847,Air Force Achievement Medal
Sergeant,3418408,Ali,Downing,8/20/2022,Laos,A-10,525,800,Air Medal
Corporal,4402033,Jori,Tollemache,12/9/2022,Hungary,F-22,9188,515,Air Force Commendation Medal
Corporal,4696309,Sissy,Girodin,12/3/2022,Brazil,F-16,807,897,Air Medal
General,3795658,Daryn,Haresnaip,5/11/2022,China,A-10,7681,963,Air Force Achievement Medal
Captain,2874280,Gilberta,Inde,9/28/2022,Indonesia,F-35,6542,973,Air Force Achievement Medal
Major,8602702,Tudor,Littlefair,12/9/2022,Netherlands,F-18,2776,261,Distinguished Flying Cross
Lieutenant,8568503,Markus,Killshaw,8/1/2022,Nigeria,F-22,6246,722,Distinguished Flying Cross
Captain,8999278,Heriberto,Cosins,6/5/2022,China,F-18,6355,925,Air Medal
Major,9132898,Davin,Cotes,5/30/2022,China,F-18,4192,466,Distinguished Flying Cross
Sergeant,5134077,Linus,Wickie,4/2/2023,Colombia,A-10,5745,865,Air Force Commendation Medal
Major,3874818,Dolli,Redpath,2/18/2023,Mongolia,A-10,2205,46,Air Medal
Major,7465431,Laverna,Kleinstern,8/28/2022,Bolivia,F-16,6197,466,Air Force Commendation Medal
Lieutenant,1127368,Gayelord,Lebourn,4/14/2022,Indonesia,A-10,6276,73,Air Force Commendation Medal
Sergeant,7919996,Lexie,Fallis,11/28/2022,Indonesia,F-22,8449,130,Air Force Commendation Medal
Sergeant,5785668,Bryn,Eltune,5/1/2022,Ukraine,F-22,3352,781,Distinguished Flying Cross
Lieutenant,7586304,Reggis,Linebarger,3/5/2023,Indonesia,F-35,4227,962,Air Medal
Sergeant,8902302,Callida,Stennes,12/14/2022,Indonesia,A-10,1308,472,Air Medal
Major,8603623,Max,Drage,10/1/2022,Czech Republic,F-35,2305,563,Air Force Achievement Medal
General,4264410,Cal,Zeale,11/29/2022,Iran,F-18,6484,443,Air Medal
Major,3453852,Mehetabel,Christoffersen,8/2/2022,Cameroon,F-35,3035,453,Air Medal
General,6805330,Hester,Eve,9/22/2022,Tanzania,F-22,1287,355,Distinguished Flying Cross
Lieutenant,9231063,Russ,Rooze,5/25/2022,Kenya,A-10,2112,456,Air Force Achievement Medal
Colonel,7006160,Xylia,Brendeke,3/29/2023,Norway,F-35,7669,726,Distinguished Flying Cross
Colonel,2057605,Free,Steabler,7/1/2022,China,F-18,4431,571,Air Force Commendation Medal
General,2464663,Mavis,Huddleston,1/31/2023,China,F-16,1008,348,Air Force Commendation Medal
Major,7308695,Noel,Juschka,10/8/2022,United States,F-18,8241,707,Air Medal
Lieutenant,6599692,Analise,Pelman,11/16/2022,San Marino,F-35,353,289,Air Force Achievement Medal
Corporal,1748114,Corrianne,Drugan,6/23/2022,Sweden,F-16,7665,902,Air Force Achievement Medal
Captain,4679416,Derk,Culmer,7/25/2022,Poland,F-35,6440,551,Air Medal
Major,6009940,Verene,Chubb,7/13/2022,Peru,F-22,9943,994,Air Force Achievement Medal
Private,5452641,Saundra,Sandbach,6/11/2022,Portugal,F-22,1233,129,Air Force Commendation Medal
Lieutenant,8209239,Monroe,Crothers,7/25/2022,China,F-18,3434,520,Air Force Achievement Medal
Corporal,1556834,Haslett,Okker,8/25/2022,Japan,F-35,6235,73,Air Force Achievement Medal
Private,8016575,Mitchael,Grove,7/30/2022,Greece,A-10,1077,18,Distinguished Flying Cross
Colonel,4059731,Tootsie,Collidge,5/29/2022,Czech Republic,F-18,3811,752,Air Force Achievement Medal
Corporal,3350226,Graig,Lyst,7/17/2022,Indonesia,F-35,2063,971,Distinguished Flying Cross
Private,5161804,Douglass,Gorusso,2/13/2023,Philippines,A-10,6131,949,Distinguished Flying Cross
General,3251890,Bartram,Redolfi,1/20/2023,Indonesia,F-35,988,850,Air Force Achievement Medal
General,8124479,Nels,Furness,9/10/2022,China,F-16,3466,836,Distinguished Flying Cross
Lieutenant,3699419,Stace,Gallagher,3/15/2023,Philippines,F-16,5379,519,Distinguished Flying Cross
Corporal,1205958,Margarethe,Shropshire,6/17/2022,Russia,F-35,8219,232,Air Force Achievement Medal
Colonel,3400295,Lorri,Duley,7/20/2022,Philippines,F-22,5055,227,Air Medal
Sergeant,1538177,Olivero,Marrington,9/10/2022,Thailand,F-22,8887,698,Air Force Commendation Medal
Major,5972530,Laurice,Crumly,4/20/2022,China,A-10,7629,342,Air Force Commendation Medal
Colonel,7709506,Ardra,Dyde,10/8/2022,Iran,F-18,6528,113,Air Force Achievement Medal
Colonel,6629474,Abra,Pedel,2/1/2023,Sweden,F-22,7280,408,Air Medal
Lieutenant,1697732,Markos,Delete,9/13/2022,Brazil,F-22,6825,230,Distinguished Flying Cross
Major,2904668,Chrystal,Bowmaker,9/15/2022,Portugal,F-18,8542,84,Air Medal
Colonel,1830589,Devinne,Belford,3/7/2023,China,F-16,9550,388,Air Force Achievement Medal
Major,6986075,Fredrika,Girsch,10/7/2022,China,F-22,2109,233,Air Force Achievement Medal
General,8648298,Bern,Filkov,2/24/2023,Canada,F-35,3808,31,Air Force Achievement Medal
Sergeant,3688665,Elsinore,McTavy,9/7/2022,Czech Republic,F-18,4605,320,Air Force Achievement Medal
Corporal,3740113,Delcine,Sandison,12/5/2022,Japan,F-16,601,84,Air Medal
Corporal,6266346,Ed,Barrowcliffe,4/5/2023,Indonesia,A-10,2864,950,Air Medal
Major,8542152,Shurwood,Keedwell,7/1/2022,Indonesia,F-35,8522,0,Distinguished Flying Cross
Colonel,4605977,Hanan,Varney,6/11/2022,China,F-18,7415,818,Air Force Commendation Medal
Captain,6279078,Marillin,Picford,7/13/2022,China,F-16,1008,290,Air Force Commendation Medal
General,9303030,Jaclin,Thrussell,9/20/2022,Brazil,F-16,555,469,Air Force Achievement Medal
Major,7027731,Lucy,Disbrey,3/10/2023,China,F-18,5676,961,Air Medal
Major,9224371,Sarina,Pinshon,1/20/2023,Colombia,F-22,2802,568,Air Medal
General,8533951,Celine,Hubbucke,5/8/2022,Czech Republic,F-18,3548,2,Distinguished Flying Cross
Major,5754824,Jonell,Yes,11/25/2022,China,F-18,4788,831,Air Force Commendation Medal
Private,5862898,Coralie,Cowlam,4/21/2022,Nepal,F-16,5320,79,Air Medal
General,1635814,Evangelina,Ocheltree,6/3/2022,Brazil,F-22,9867,983,Distinguished Flying Cross
Captain,5598449,Marnia,Works,4/16/2022,Poland,F-16,7071,161,Air Medal
General,2972812,Jarret,Cutchie,12/16/2022,China,A-10,5657,282,Air Medal
Sergeant,1232222,Ophelia,Fiddeman,2/25/2023,Denmark,F-18,5495,199,Air Force Achievement Medal
Major,4894984,Karry,Wyllcocks,4/12/2022,Sudan,F-18,2155,887,Distinguished Flying Cross
Sergeant,3462963,Tammara,Hanbridge,8/10/2022,China,F-22,5851,921,Distinguished Flying Cross
General,6210314,Alfi,Mc Gorley,11/30/2022,Sweden,A-10,107,334,Distinguished Flying Cross
Captain,9361036,Constantina,Postle,10/10/2022,Indonesia,F-16,7918,344,Air Medal
Sergeant,1450286,Nicko,Ramelet,3/25/2023,China,F-18,3761,263,Air Medal
Corporal,5244794,Roch,Di Meo,2/20/2023,Cyprus,F-35,2359,265,Air Medal
Colonel,9009719,Tracey,Boffin,7/26/2022,Greece,A-10,6325,954,Air Force Commendation Medal
Corporal,1901179,Humfried,Ellwell,3/24/2023,China,F-16,1861,863,Air Force Commendation Medal
Sergeant,4650961,Estrellita,Hammon,10/24/2022,Egypt,F-35,3245,103,Air Force Commendation Medal
Major,2353658,Farly,Schrinel,2/17/2023,Indonesia,F-22,431,245,Air Force Achievement Medal
Lieutenant,5681963,Quentin,Matelyunas,12/10/2022,China,F-35,9816,876,Air Force Achievement Medal
General,7699640,Agatha,Creech,10/22/2022,China,F-22,7397,409,Distinguished Flying Cross
Sergeant,6987991,Gal,Lesper,1/24/2023,Russia,F-16,5893,532,Air Medal
Lieutenant,7228698,Romona,Hanmore,5/15/2022,China,F-16,2692,406,Air Force Commendation Medal
Corporal,5802186,Blondelle,Job,7/18/2022,Guatemala,A-10,8121,333,Air Force Achievement Medal
Corporal,2925989,Arlin,McGrory,3/18/2023,China,F-16,6728,276,Air Force Commendation Medal
Corporal,3411141,Rois,Tootell,12/6/2022,China,F-35,6305,648,Air Force Achievement Medal
Colonel,4116904,Laverna,Beekman,11/10/2022,Egypt,A-10,4526,368,Distinguished Flying Cross
Colonel,1015769,Brok,Ianno,2/8/2023,China,F-22,2932,339,Air Force Achievement Medal
Private,8029467,Bobby,Pear,2/23/2023,Serbia,F-16,1677,747,Air Medal
Major,1738112,Kellie,McGunley,12/29/2022,Estonia,F-22,816,713,Air Force Achievement Medal
Lieutenant,5225313,Scot,Bodesson,11/4/2022,Egypt,F-18,4053,120,Air Force Commendation Medal
Lieutenant,7201613,Dianne,Arpino,5/20/2022,Lithuania,A-10,7160,480,Air Force Commendation Medal
Major,1253901,Celeste,Curzon,10/17/2022,Malaysia,F-16,4593,634,Air Force Commendation Medal
Colonel,4878431,Alisun,Dorling,10/14/2022,China,F-22,4592,650,Distinguished Flying Cross
General,9571025,Susan,Preator,4/30/2022,Poland,F-18,8900,45,Air Force Commendation Medal
Major,3510087,Mychal,Dorset,2/27/2023,United States,F-16,9726,590,Air Medal
Corporal,7237350,Vyky,Markwick,7/26/2022,China,F-16,751,43,Air Force Achievement Medal
Lieutenant,1159404,Randie,Spiniello,10/23/2022,Russia,F-22,6721,921,Air Medal
Captain,5083531,Mahala,Hamlen,9/26/2022,Indonesia,F-22,1496,279,Air Medal
Major,3851026,Inge,Idale,11/19/2022,Slovenia,A-10,4536,452,Air Force Commendation Medal
Private,2783282,Barbara-anne,De Ambrosis,3/15/2023,Philippines,F-18,7802,337,Air Force Achievement Medal
Corporal,2450269,Jemimah,McPheat,9/27/2022,Russia,F-18,7887,350,Distinguished Flying Cross
Major,4281967,Coriss,Lunbech,8/12/2022,Portugal,F-22,4161,343,Air Medal
General,8104022,Claudius,Beirne,11/10/2022,Russia,F-18,6656,801,Air Force Achievement Medal
Corporal,4043071,Gideon,Di Carlo,1/31/2023,Russia,A-10,4827,569,Air Medal
Captain,3767352,Bethany,Lillie,10/23/2022,Indonesia,A-10,9844,937,Distinguished Flying Cross
Lieutenant,6552465,Brandtr,Ruggieri,9/25/2022,Argentina,F-22,3548,864,Air Medal
Private,5050354,Olin,Kattenhorn,1/5/2023,China,F-22,2411,956,Air Medal
Sergeant,8456112,Elke,Fiddymont,7/17/2022,Madagascar,F-18,1543,902,Distinguished Flying Cross
Major,9958188,Arlen,McCleod,2/4/2023,Syria,F-22,6132,409,Air Force Commendation Medal
Private,7819832,Korie,Malyj,3/10/2023,Bangladesh,F-35,5136,700,Air Force Commendation Medal
Lieutenant,6212448,Fidelity,O'Connell,3/5/2023,Indonesia,A-10,360,589,Air Force Achievement Medal
Major,5452037,Barbabra,Issett,9/11/2022,Indonesia,F-22,436,149,Distinguished Flying Cross
Major,4643066,Hunt,Waith,11/12/2022,Trinidad and Tobago,F-22,4946,969,Air Force Commendation Medal
Captain,4709963,Fanchon,Gebbie,1/10/2023,Nigeria,A-10,3487,844,Air Medal
Major,8593268,Chevy,Pembery,11/6/2022,Bangladesh,A-10,5556,893,Distinguished Flying Cross
Captain,1882709,Ade,Schutte,10/1/2022,Czech Republic,F-16,4140,335,Air Force Achievement Medal
Private,2298712,Cariotta,Kesteven,3/13/2023,Sierra Leone,F-18,5748,462,Air Force Achievement Medal
Private,9486432,Xenia,Hemerijk,11/15/2022,Thailand,F-16,1341,218,Air Medal
Colonel,2668148,Dacia,Franies,1/9/2023,Mongolia,F-16,4766,15,Air Medal
Major,3174714,Maurita,Trenfield,7/17/2022,Indonesia,F-35,8669,690,Air Force Achievement Medal
Private,3052061,Ilise,De Andisie,11/4/2022,Indonesia,F-18,4009,86,Distinguished Flying Cross
Private,8219396,Clyde,Cullotey,12/17/2022,Vietnam,A-10,5134,37,Air Force Achievement Medal
Captain,8480305,Zenia,Raw,3/25/2023,Guatemala,F-16,9118,518,Air Medal
Major,3288714,Eadith,Melley,10/4/2022,United States,F-22,7982,409,Air Force Commendation Medal
Major,5207054,Paxton,Heephy,10/25/2022,China,F-18,9638,801,Air Force Achievement Medal
General,2035851,Elvis,Tissier,12/7/2022,Ivory Coast,F-22,2792,880,Air Force Commendation Medal
Corporal,1987638,Hadley,Vater,10/5/2022,China,A-10,7054,508,Air Force Achievement Medal
Lieutenant,7254121,Addi,Laroux,6/23/2022,Philippines,F-18,9637,815,Distinguished Flying Cross
Corporal,2582849,Galven,Cirlos,3/23/2023,Nepal,F-35,496,498,Distinguished Flying Cross
Lieutenant,4260857,Adorne,Milnthorpe,9/3/2022,China,F-16,1357,254,Air Medal
Lieutenant,8729492,Mignonne,Lovatt,6/29/2022,Colombia,F-22,4911,406,Air Force Commendation Medal
Lieutenant,7464745,Dorothea,Sclanders,10/11/2022,Ukraine,F-35,7154,164,Air Force Commendation Medal
General,9631958,Tanny,Birchall,2/26/2023,Colombia,F-35,2660,699,Air Force Achievement Medal
Sergeant,4890788,Thane,Valentin,3/14/2023,Indonesia,F-16,2940,428,Distinguished Flying Cross
Lieutenant,2022847,Mildred,Dacks,1/8/2023,Russia,F-35,8930,858,Distinguished Flying Cross
General,1646494,Dorothy,Bierling,9/11/2022,Brazil,F-18,9375,25,Distinguished Flying Cross
Private,3581697,Brocky,Phair,12/24/2022,China,F-22,3696,467,Air Force Achievement Medal
Major,4158618,Johnny,Flegg,12/7/2022,Indonesia,F-16,9385,935,Air Medal
Lieutenant,3803892,Ivy,Pinkard,7/17/2022,Indonesia,F-22,8120,279,Distinguished Flying Cross
Captain,4524121,Towny,Basnett,10/13/2022,South Africa,F-35,7956,791,Air Force Achievement Medal
General,7571133,Dani,Van Bruggen,4/9/2023,China,F-35,7999,155,Air Force Commendation Medal
General,3117713,Sharyl,Wrout,7/17/2022,Poland,F-35,7105,266,Air Force Commendation Medal
General,5190970,Rad,Adamo,12/22/2022,Russia,A-10,1875,805,Air Medal
General,4966900,Jorgan,Annakin,8/4/2022,China,F-18,2063,287,Air Force Achievement Medal
Private,6043821,Leighton,Meriot,3/5/2023,Philippines,F-22,2278,63,Air Force Achievement Medal
Captain,4316189,Rhodie,Agnew,10/8/2022,Indonesia,F-18,8185,548,Air Medal
Colonel,2245852,Carleen,Redwing,3/27/2023,Japan,F-22,264,121,Distinguished Flying Cross
Major,7603389,Mic,Greenhead,1/12/2023,Philippines,F-35,6656,588,Distinguished Flying Cross
Corporal,9481792,Dawn,Eilhermann,9/14/2022,Vietnam,F-18,9440,469,Air Force Achievement Medal
General,6058187,Hildagard,Clear,3/15/2023,Brazil,F-18,5144,457,Air Medal
Captain,6519768,Garfield,Ching,3/26/2023,Germany,F-35,1727,813,Air Force Achievement Medal
Captain,5217793,Kort,Messier,9/5/2022,Russia,F-16,1425,755,Air Force Commendation Medal
Corporal,7367209,Leodora,Cassedy,6/27/2022,Kazakhstan,F-22,9727,123,Air Force Commendation Medal
Corporal,3985743,Melissa,Baulcombe,2/15/2023,Philippines,F-18,7462,660,Distinguished Flying Cross
Colonel,3216149,Lilah,Tetsall,8/25/2022,Indonesia,F-16,5397,810,Distinguished Flying Cross
Colonel,5228187,Sonja,Casswell,8/10/2022,Albania,F-16,3976,267,Air Force Commendation Medal
Colonel,7711848,Alic,Christopher,2/27/2023,China,F-22,6010,326,Air Force Achievement Medal
Sergeant,2526486,Sandor,Innott,12/29/2022,China,A-10,6576,634,Air Force Achievement Medal
Sergeant,9463022,Vic,Jex,2/27/2023,Tanzania,F-35,5147,586,Air Force Commendation Medal
Private,6472145,Arlin,Grzegorzewicz,10/1/2022,China,F-22,8980,860,Air Force Achievement Medal
General,6830374,Manuel,Mannock,3/1/2023,Syria,F-18,2303,59,Air Force Commendation Medal
Lieutenant,4572398,Nollie,Goodliff,8/19/2022,Portugal,F-16,8045,239,Air Force Commendation Medal
Major,6052656,Phillis,Sephton,6/24/2022,Brazil,A-10,7437,881,Air Medal
Corporal,3672442,Goldia,Flippelli,11/19/2022,Poland,F-22,6523,601,Air Force Commendation Medal
Major,6697779,Avrit,Ambroisin,4/23/2022,China,F-18,8224,796,Air Force Commendation Medal
Lieutenant,7825203,Kristian,Trinke,12/21/2022,Bosnia and Herzegovina,F-22,2533,406,Air Force Commendation Medal
Captain,8215760,Dorice,Card,1/11/2023,Indonesia,F-22,5834,795,Air Medal
Captain,2688500,Vina,Pauel,4/1/2023,China,A-10,5075,100,Air Force Commendation Medal
Colonel,9014760,Penrod,Eisikowitz,3/29/2023,China,A-10,4277,37,Air Force Achievement Medal
Corporal,5078328,Alfonso,Berrill,8/6/2022,Brazil,F-16,7187,887,Distinguished Flying Cross
Colonel,9699160,Jonas,Beale,6/19/2022,Indonesia,F-16,3233,326,Air Force Commendation Medal
Corporal,1006474,Krishna,Tredgold,10/30/2022,Israel,F-16,443,383,Air Force Commendation Medal
Sergeant,3769307,Shay,De Meis,10/28/2022,Sweden,F-35,9815,343,Air Force Achievement Medal
Major,6046977,Harley,Gifkins,4/17/2022,Portugal,F-16,3275,74,Air Medal
Lieutenant,7081421,Bernita,Entwisle,6/9/2022,China,F-18,5856,353,Air Medal
Major,3912972,Vin,Hudel,8/29/2022,China,A-10,776,758,Distinguished Flying Cross
Corporal,7796703,Dorette,Sentinella,10/27/2022,Latvia,F-18,2879,599,Air Force Commendation Medal
Colonel,3552755,Ryon,Britcher,6/9/2022,Iran,F-35,1957,544,Air Medal
Lieutenant,6885730,Kellyann,Ezele,12/15/2022,Philippines,A-10,9912,904,Distinguished Flying Cross
Major,3870148,Brook,Rantoull,10/9/2022,Philippines,F-18,1821,478,Distinguished Flying Cross
Colonel,3096863,Lynda,Tomowicz,8/28/2022,Indonesia,A-10,8264,850,Air Medal
Colonel,8236894,Ariella,Gingell,2/16/2023,China,F-18,7975,900,Air Medal
Captain,4252568,Bee,Wetherick,12/7/2022,Philippines,F-22,6965,86,Air Medal
Lieutenant,9580272,Nerissa,Minster,10/31/2022,Philippines,F-18,4413,322,Air Force Achievement Medal
Lieutenant,3809223,Kellen,Acomb,1/9/2023,Portugal,A-10,8931,141,Distinguished Flying Cross
Private,4152718,Vitia,Margetson,12/14/2022,Indonesia,F-16,8606,386,Air Force Commendation Medal
Captain,9145867,Mellie,Neiland,2/18/2023,Philippines,F-22,8401,328,Air Force Commendation Medal
Private,5949223,Alwin,Whittek,10/28/2022,Colombia,A-10,505,201,Air Force Commendation Medal
Major,4074667,Lukas,Brecknell,8/5/2022,Sweden,F-35,7513,582,Distinguished Flying Cross
General,7950665,Heath,Keasley,3/1/2023,Russia,F-18,2446,750,Air Medal
General,6191250,Buck,O'Bruen,9/17/2022,Philippines,F-18,7781,662,Distinguished Flying Cross
Private,3355243,Linnea,Southouse,5/15/2022,Peru,A-10,9527,46,Distinguished Flying Cross
Private,6036100,Jordana,Stratford,6/25/2022,Canada,A-10,3526,469,Air Medal
Colonel,9388148,Caroline,Hugonin,6/20/2022,Canada,A-10,2233,832,Distinguished Flying Cross
Corporal,9868684,Tonie,Gresly,2/13/2023,Indonesia,A-10,5568,258,Air Force Achievement Medal
Lieutenant,5095396,Pancho,Couldwell,7/10/2022,Malawi,F-35,318,14,Air Force Commendation Medal
Lieutenant,6525777,Arvie,Brooker,6/22/2022,Peru,F-16,9582,265,Distinguished Flying Cross
Major,7983836,Lynea,Daniely,11/21/2022,China,F-16,7893,749,Air Force Commendation Medal
Colonel,3150112,Angus,Ahrend,8/2/2022,Cuba,F-35,1270,495,Air Force Achievement Medal
Colonel,5055180,Gwendolen,Tatchell,2/18/2023,Portugal,F-18,8792,936,Air Medal
Sergeant,6052836,Marty,Willson,7/6/2022,Colombia,F-22,1941,67,Distinguished Flying Cross
Private,8998746,Todd,Layton,1/2/2023,Indonesia,A-10,310,219,Air Force Achievement Medal
Private,2175068,Manya,Scadding,3/6/2023,Sierra Leone,F-16,2940,537,Air Force Achievement Medal
Sergeant,8552627,Aurelea,Pell,9/8/2022,Colombia,A-10,9654,447,Distinguished Flying Cross
Lieutenant,2180513,Alla,Donoghue,1/24/2023,Afghanistan,A-10,7616,61,Air Medal
Private,1088315,Gregor,Gatiss,5/17/2022,Bulgaria,F-16,1857,389,Air Medal
Private,3343923,Vlad,Dominy,10/14/2022,Philippines,F-22,9981,821,Air Medal
Lieutenant,6321938,Angelika,Nodin,6/20/2022,Greece,A-10,5945,871,Air Force Achievement Medal
Private,2784775,Aristotle,Chiverton,3/7/2023,Philippines,A-10,4888,162,Distinguished Flying Cross
Lieutenant,8850153,Padriac,Forsdike,10/17/2022,China,F-35,8951,864,Air Force Commendation Medal
General,6241658,Ellery,Griswaite,9/21/2022,China,F-18,8775,600,Air Medal
Private,4955054,Kylila,Gatty,10/1/2022,China,F-18,2148,892,Air Force Achievement Medal
Private,6257418,Dalston,MacKay,8/27/2022,Syria,A-10,4238,744,Air Force Commendation Medal
Sergeant,8874187,Gallagher,Arton,2/16/2023,Poland,F-22,4415,71,Air Force Commendation Medal
Major,3648181,Freddie,Vigneron,11/10/2022,China,F-22,1610,457,Air Force Commendation Medal
Sergeant,8593776,Bab,Bendall,8/1/2022,China,A-10,1739,472,Distinguished Flying Cross
General,8771943,Gaile,Capnor,2/16/2023,Indonesia,F-18,6721,912,Air Medal
General,9273789,Giacinta,Hitter,1/14/2023,Indonesia,F-18,4376,298,Distinguished Flying Cross
General,4487161,Pierre,Haney,1/18/2023,Russia,F-22,2183,556,Air Force Commendation Medal
Captain,5371363,Leda,Bullon,4/22/2022,China,F-18,4795,343,Air Force Achievement Medal
Corporal,6238278,Wenda,Scoggans,11/6/2022,Afghanistan,F-35,3829,933,Air Medal
Private,3210111,Carlynne,Chandlar,10/21/2022,Ukraine,F-35,8030,234,Air Force Achievement Medal
Captain,9308079,Rivi,Blitz,11/6/2022,U.S. Virgin Islands,F-18,6990,326,Distinguished Flying Cross
Major,9648838,Marissa,Tomaszek,9/20/2022,China,F-22,4056,828,Air Medal
Private,7002181,Riley,Gladbeck,8/20/2022,Ukraine,F-35,9519,870,Distinguished Flying Cross
Major,2288821,Ryley,Fremantle,3/15/2023,China,F-18,982,520,Distinguished Flying Cross
Corporal,7451822,Miranda,Igglesden,9/22/2022,Bulgaria,F-22,7094,476,Air Force Commendation Medal
Captain,6581505,Kimberlyn,Standall,8/6/2022,Norway,F-16,6364,529,Air Force Commendation Medal
Captain,9440402,Devan,Duggleby,12/28/2022,France,A-10,3694,491,Air Force Achievement Medal
Lieutenant,9980348,Robinia,Boick,8/25/2022,Portugal,F-16,8784,889,Air Medal
Private,3551598,Nata,Meneur,5/19/2022,Syria,F-16,6414,608,Air Medal
Sergeant,5519593,Madonna,Molines,6/6/2022,Mauritius,F-22,5467,958,Air Force Commendation Medal
Lieutenant,3049117,Lucita,Waszczyk,1/5/2023,Indonesia,F-22,6550,881,Air Force Commendation Medal
Sergeant,6939312,Rufus,Kuhnt,6/28/2022,Brazil,F-18,1382,559,Air Force Commendation Medal
Captain,4806558,Christean,Banasevich,3/13/2023,Indonesia,F-16,1438,415,Air Force Commendation Medal
Corporal,3592622,Bernette,Dowsing,9/15/2022,Indonesia,F-22,2929,56,Air Force Commendation Medal
Colonel,3744686,Pollyanna,Bitchener,7/28/2022,Bulgaria,A-10,7415,619,Air Force Achievement Medal
Private,9724017,Stephana,Butterworth,5/22/2022,Poland,F-16,5982,911,Air Force Achievement Medal
Corporal,1484615,Phillipp,Sedgmond,12/4/2022,Philippines,F-18,7649,524,Air Force Achievement Medal
Colonel,6341443,Kaye,Shorthouse,6/7/2022,Kyrgyzstan,F-16,2467,726,Air Force Achievement Medal
Major,4813337,Lisette,Poutress,1/12/2023,Tunisia,F-35,4583,281,Air Medal
Sergeant,1551119,Fina,Welch,2/12/2023,China,F-22,2483,609,Air Medal
Private,4736020,Margi,Bosse,4/25/2022,China,F-22,7015,305,Distinguished Flying Cross
Private,6864758,Vanna,Gilmour,6/9/2022,China,F-35,1111,150,Air Force Commendation Medal
Sergeant,9592028,Loralie,Scholcroft,8/18/2022,French Polynesia,F-22,2352,206,Air Force Achievement Medal
Private,3828236,Giffer,Feild,4/16/2022,China,F-18,2063,434,Air Force Achievement Medal
Colonel,9595130,Jakob,Kloser,1/18/2023,Brazil,F-18,3227,895,Air Force Commendation Medal
Colonel,7858744,Bradney,Bordman,1/11/2023,Japan,F-35,4276,181,Air Force Achievement Medal
Corporal,1244447,Anastassia,Bette,7/25/2022,Colombia,F-22,6833,151,Air Force Achievement Medal
Major,1469560,Karylin,Guyton,6/29/2022,Japan,F-35,9444,412,Air Medal
Major,5721759,Tremaine,Babar,1/28/2023,Brazil,F-35,4724,351,Air Force Achievement Medal
Corporal,7784157,Lamont,Hinge,12/2/2022,Latvia,F-35,7828,164,Air Force Commendation Medal
Colonel,8936903,Briny,Serotsky,9/23/2022,Tunisia,F-22,3836,405,Air Force Commendation Medal
Major,5694875,Mae,Boyan,3/23/2023,Indonesia,F-35,5639,763,Air Force Achievement Medal
Major,4318311,Blinnie,Whiteway,5/12/2022,China,F-16,561,834,Air Force Commendation Medal
Major,9256090,Consuelo,Forrestor,10/27/2022,Dominican Republic,F-18,8477,40,Distinguished Flying Cross
Lieutenant,2548909,Evita,Roussel,12/6/2022,United States,A-10,3362,503,Air Medal
Sergeant,6265608,Delmer,Giggie,4/23/2022,Poland,F-22,9308,546,Air Force Commendation Medal
Private,7261754,Ode,Adrain,5/21/2022,Russia,A-10,3631,743,Distinguished Flying Cross
Private,1774834,Morgan,Rumming,3/24/2023,Yemen,A-10,3855,36,Distinguished Flying Cross
Captain,4531851,Fredrick,Hodges,3/28/2023,China,F-18,2132,669,Air Medal
General,4413761,Sissy,Braney,10/20/2022,Sweden,F-18,9582,684,Air Medal
General,3172669,Ibrahim,Coombs,8/10/2022,Colombia,A-10,1809,374,Air Force Achievement Medal
Lieutenant,4439914,Kimberly,Love,7/3/2022,Japan,F-22,4937,978,Air Force Achievement Medal
Colonel,2775889,Micheil,Emmett,7/3/2022,China,F-35,9952,713,Distinguished Flying Cross
Major,9980457,Obie,Walkington,4/1/2023,Lithuania,F-16,1798,910,Air Force Commendation Medal
Private,2987915,Maia,Janata,12/1/2022,Spain,F-16,6798,646,Air Force Achievement Medal
General,4119233,Lonnie,Nuemann,3/1/2023,Indonesia,F-22,5414,113,Air Medal
Captain,2671716,Merissa,Warsap,2/15/2023,Finland,F-22,656,169,Air Medal
Private,4585559,Leora,Noquet,4/12/2022,China,F-18,6013,450,Air Force Commendation Medal
Colonel,4643796,Nerti,Batterton,3/23/2023,Portugal,A-10,4437,696,Air Force Achievement Medal
Private,2948472,Julieta,Lukovic,4/5/2023,France,A-10,8043,683,Air Medal
Lieutenant,3839068,Grier,McTiernan,12/26/2022,Poland,F-35,3060,398,Air Medal
Captain,7152539,Worth,Belz,7/30/2022,Mongolia,F-35,5928,874,Air Force Achievement Medal
Corporal,1241171,Claudie,Bearman,9/28/2022,Ecuador,F-18,3187,683,Air Force Achievement Medal
Private,4380558,Madelaine,Lorenzetto,7/15/2022,Niger,F-18,6387,198,Distinguished Flying Cross
General,4479580,Alaric,Clint,7/27/2022,Latvia,A-10,7784,332,Air Medal
Lieutenant,8346522,Trudie,Emsden,6/28/2022,China,A-10,67,203,Air Medal
Sergeant,7684689,Cobby,Treasure,4/7/2023,Russia,A-10,7755,634,Air Medal
Private,6095009,Vincent,Joscelin,9/10/2022,Russia,F-18,4396,263,Air Medal
Captain,1582043,Jayme,Lusher,4/19/2022,Indonesia,F-16,8451,376,Air Force Commendation Medal
Colonel,8071967,Bree,Pucknell,4/12/2022,China,F-22,9187,600,Air Medal
Corporal,9846670,Cristin,Crock,2/23/2023,Ukraine,F-18,6955,285,Air Force Achievement Medal
Captain,2823841,Loria,Dumbarton,6/20/2022,Portugal,F-35,9699,376,Air Force Commendation Medal
Private,4812311,Sampson,Bonsul,2/24/2023,Indonesia,A-10,393,265,Distinguished Flying Cross
Private,8707564,Allistir,Casaletto,2/26/2023,Mexico,A-10,5702,297,Air Force Achievement Medal
General,3553889,Alexei,Halle,2/8/2023,Kenya,F-18,7638,582,Air Force Achievement Medal
General,1260376,Ertha,Chazerand,1/18/2023,China,F-22,9166,353,Air Force Commendation Medal
Private,7972201,Gertruda,Aime,11/6/2022,Serbia,A-10,8254,985,Air Force Achievement Medal
Captain,2054966,Amabel,Mayes,7/1/2022,Malaysia,F-22,3470,669,Air Force Commendation Medal
General,3583522,Neville,Fallon,9/17/2022,Indonesia,A-10,435,781,Air Medal
General,8577228,Reinold,Innis,8/13/2022,China,A-10,8176,300,Distinguished Flying Cross
Private,2911052,Nels,Nozzolinii,3/25/2023,Brazil,A-10,3526,25,Air Force Commendation Medal
Major,1758566,Ginger,Molan,12/25/2022,Portugal,F-16,4272,700,Air Force Commendation Medal
Colonel,1733814,Rodie,Sloan,9/5/2022,Nigeria,F-18,7962,723,Air Force Commendation Medal
Major,3795948,Welbie,Sandercock,3/8/2023,China,F-18,131,538,Distinguished Flying Cross
Lieutenant,8502715,Dedra,Succamore,2/1/2023,Portugal,F-35,6715,582,Air Force Achievement Medal
Colonel,8985092,Ethelind,Seiler,5/17/2022,Israel,F-22,8984,432,Air Force Achievement Medal
Major,6703331,Charlot,Clulee,6/24/2022,Brazil,A-10,9849,947,Air Medal
Private,8780601,Gaylord,Van Hesteren,4/30/2022,Thailand,F-16,9617,260,Air Medal
General,8289125,Arlen,Finlan,10/21/2022,China,F-16,9960,773,Air Force Achievement Medal
Colonel,2100287,Dolores,Kharchinski,9/15/2022,Guatemala,F-35,7425,421,Air Force Commendation Medal
Captain,9779230,Zorina,Pourveer,1/1/2023,Poland,F-18,7747,72,Air Force Achievement Medal
General,7018395,Darell,Wiley,4/8/2023,Brazil,F-22,2678,737,Air Force Commendation Medal
Major,7959246,Daffie,Thrower,1/2/2023,Panama,F-16,2513,875,Air Force Commendation Medal
Lieutenant,6777255,Kata,Bateup,1/2/2023,Czech Republic,F-18,2198,486,Air Medal
Private,2594088,Cole,O'Dowd,2/16/2023,Croatia,F-22,8348,70,Air Force Achievement Medal
Major,6609859,Zelig,Spinke,10/3/2022,Philippines,A-10,326,642,Distinguished Flying Cross
Corporal,1721471,Daphne,Golby,9/25/2022,Czech Republic,A-10,3346,625,Air Force Achievement Medal
General,3561281,Abagail,Bustard,3/3/2023,Indonesia,F-35,6156,657,Air Force Achievement Medal
Corporal,3211479,Bernard,Pearn,5/24/2022,Russia,F-35,8320,906,Air Force Achievement Medal
Sergeant,8586528,Jamey,Binford,7/27/2022,Sweden,F-18,4416,635,Air Force Achievement Medal
Corporal,2971825,Fernanda,Killelea,4/23/2022,Philippines,F-16,959,418,Air Force Commendation Medal
Captain,2279985,Goldi,Ramsbotham,3/12/2023,Cuba,F-16,8318,847,Air Force Achievement Medal
General,4573776,Marilin,Mollitt,10/4/2022,Argentina,F-22,9667,792,Distinguished Flying Cross
Major,3191196,Shanie,Hoble,11/1/2022,Azerbaijan,F-22,4728,559,Distinguished Flying Cross
General,5195356,Roby,Hancill,1/9/2023,Czech Republic,F-22,3084,510,Air Force Commendation Medal
General,3084709,Zebadiah,Tullis,3/12/2023,China,A-10,7830,306,Air Force Achievement Medal
Private,7499802,Yule,Bosdet,8/10/2022,Philippines,A-10,3724,589,Air Force Commendation Medal
Lieutenant,2898385,Reinaldo,Petigrew,12/14/2022,Yemen,F-16,2081,244,Air Force Achievement Medal
Private,6571374,Gretta,Matias,2/21/2023,Indonesia,F-16,6566,795,Distinguished Flying Cross
Private,4190175,Dagmar,Rahlof,8/2/2022,Poland,A-10,9271,402,Air Force Commendation Medal
Private,7277873,Monica,Rumbelow,1/20/2023,Tunisia,F-22,2471,843,Air Force Achievement Medal
Private,2878207,Noland,Offener,9/18/2022,Brazil,F-16,9666,510,Air Medal
Corporal,7587260,Bianca,Chasson,6/27/2022,Philippines,F-16,7878,170,Air Medal
Captain,4872606,Reinhold,Rapier,5/31/2022,China,F-18,998,20,Air Force Achievement Medal
Lieutenant,5125696,Debbie,Blenkiron,4/8/2023,Indonesia,F-35,8453,981,Air Force Achievement Medal
Major,8052001,Brennen,Gegay,8/14/2022,Hungary,F-16,1593,464,Air Force Commendation Medal
Sergeant,8145370,Yolane,Felgate,4/10/2023,Philippines,A-10,4617,410,Air Force Commendation Medal
Colonel,1068667,Fulton,Harnes,7/8/2022,Indonesia,F-35,1313,888,Air Medal
Lieutenant,4721967,Valery,Andrzejowski,3/21/2023,China,F-35,8069,247,Air Medal
Sergeant,7917204,Desmund,Mervyn,8/6/2022,Indonesia,F-22,6093,812,Air Medal
Captain,6418545,Viviana,Burkin,6/7/2022,Portugal,F-35,6631,58,Distinguished Flying Cross
Corporal,6297071,Neale,Baugham,10/27/2022,Nigeria,F-22,5148,311,Air Force Commendation Medal
Major,9096140,Joeann,Sanham,10/5/2022,China,A-10,5780,450,Air Force Commendation Medal
Captain,5644046,Harold,Galle,10/4/2022,Netherlands,F-18,1920,701,Air Medal
Colonel,5071827,Charmaine,Vreiberg,9/25/2022,China,F-35,7811,388,Distinguished Flying Cross
Captain,8748053,Kayla,Leachman,5/6/2022,Czech Republic,F-16,602,276,Air Medal
Corporal,5580422,Kelli,Kynman,4/5/2023,Malawi,F-18,6261,346,Air Force Achievement Medal
General,6004863,Tracy,Cosh,2/5/2023,Armenia,F-22,3420,841,Distinguished Flying Cross
Corporal,7458149,Randolf,Iannello,12/21/2022,Russia,F-22,8369,97,Air Force Achievement Medal
Major,7754682,Clovis,Dettmar,5/24/2022,Mexico,A-10,4260,644,Distinguished Flying Cross
General,6224874,Shandee,Pawden,7/29/2022,Venezuela,F-22,3228,507,Air Force Achievement Medal
Major,4218510,Levon,Eton,10/2/2022,Norway,A-10,4797,209,Distinguished Flying Cross
Major,3038512,Mavis,Gurner,11/26/2022,Poland,A-10,7177,539,Air Force Commendation Medal
Private,6425981,Kristine,Rennebach,4/27/2022,United States,F-22,709,111,Air Force Commendation Medal
Private,3023441,Cynthy,Senecaut,2/8/2023,Poland,A-10,3547,535,Air Force Achievement Medal
General,7712108,Garvey,Bufton,1/3/2023,Ireland,F-35,9037,2,Distinguished Flying Cross
Private,9022695,Amby,Wilshere,9/23/2022,Ukraine,F-35,7519,675,Distinguished Flying Cross
Private,2411846,Jory,Ninnotti,1/10/2023,Finland,F-22,9911,814,Air Force Achievement Medal
Colonel,1564151,Harlin,Kubiczek,2/10/2023,China,A-10,4280,949,Air Force Achievement Medal
Colonel,5435114,Joe,Helliar,3/17/2023,Brazil,A-10,7594,335,Air Medal
Corporal,2370073,Jena,Philpin,6/8/2022,Poland,F-18,3557,716,Air Medal
Sergeant,7740591,Nissy,Necolds,6/15/2022,United States,F-18,713,995,Distinguished Flying Cross
General,5251281,Kerk,MacCallester,8/18/2022,Philippines,A-10,153,463,Distinguished Flying Cross
Lieutenant,8706504,Rock,Symes,1/1/2023,Russia,F-22,1810,235,Distinguished Flying Cross
Sergeant,1263173,Renado,Bangiard,8/23/2022,Republic of the Congo,A-10,8457,918,Distinguished Flying Cross
Captain,1709371,Deedee,Lavin,4/23/2022,Pakistan,F-35,1202,371,Air Medal
Colonel,7248929,Korney,Heustice,10/21/2022,Brazil,F-22,3694,677,Distinguished Flying Cross
Corporal,1415034,Joelie,Piechnik,4/24/2022,Indonesia,F-35,7528,179,Air Force Commendation Medal
Colonel,4038621,Chic,Dumigan,3/15/2023,Argentina,F-16,1378,914,Air Medal
Lieutenant,3312405,Ealasaid,Labrom,5/8/2022,China,F-35,3686,583,Air Force Commendation Medal
General,5634662,Caty,McSharry,1/4/2023,Sweden,F-16,230,127,Air Force Achievement Medal
Private,7612567,Coral,Hintze,10/21/2022,Greece,F-22,8708,799,Air Medal
Private,1672437,Scottie,Brunton,6/15/2022,Dominican Republic,F-35,598,550,Air Force Commendation Medal
Corporal,7714959,Genevieve,Sanchiz,1/18/2023,Sweden,A-10,9239,902,Air Medal
Lieutenant,8791102,Mercy,Swinburn,6/4/2022,United States,A-10,4382,141,Air Force Commendation Medal
Private,1840354,Micheline,Leupold,1/17/2023,China,A-10,5420,364,Air Force Commendation Medal
Lieutenant,1162459,Rogers,De Ath,8/11/2022,Sweden,F-16,5555,551,Air Medal
Private,8890620,Marya,Amery,10/6/2022,Kenya,F-16,6398,447,Air Force Commendation Medal
Colonel,9673712,Annetta,Kaufman,6/12/2022,Lesotho,F-22,6642,299,Distinguished Flying Cross
Corporal,3169408,Woodman,Southcombe,6/23/2022,Japan,F-16,9645,1,Air Force Achievement Medal
Captain,5305654,Giuditta,Taffs,9/24/2022,Palestinian Territory,F-35,5126,131,Air Force Achievement Medal
Private,5106859,Tawnya,Chataignier,5/16/2022,China,A-10,3507,303,Distinguished Flying Cross
Corporal,2507101,Stefan,Pywell,4/12/2022,China,F-16,359,373,Air Medal
Major,7458785,Aura,Ludewig,10/12/2022,United States,F-22,2366,265,Air Force Achievement Medal
Major,8787140,Dane,Twallin,5/16/2022,Bangladesh,F-35,91,739,Air Force Commendation Medal
Sergeant,8483040,Celina,Dinnington,11/3/2022,China,F-22,755,465,Air Force Achievement Medal
Private,4577308,Lianna,Maclean,7/17/2022,Germany,F-16,9440,61,Air Force Achievement Medal
Major,5341698,Esmeralda,Robertsen,4/8/2023,United States,F-16,9185,665,Air Force Commendation Medal
Corporal,5475677,Clemente,Beden,9/8/2022,Cuba,A-10,7488,585,Air Medal
Colonel,5873253,Thedric,Aliman,12/3/2022,France,F-22,2885,310,Air Force Achievement Medal
Private,1571413,Sutherlan,MacGiany,2/8/2023,Iran,A-10,532,152,Air Force Commendation Medal
Sergeant,6146306,Catriona,Mc Curlye,10/17/2022,Indonesia,F-18,1926,995,Air Force Commendation Medal
Colonel,3262651,Olga,Stoak,10/6/2022,Czech Republic,F-35,6952,81,Air Medal
General,9652913,Thalia,Peret,5/22/2022,Philippines,F-18,2613,122,Air Force Commendation Medal
Private,1031078,Ruthann,Rubinchik,5/13/2022,Canada,F-35,6764,410,Air Force Commendation Medal
Corporal,9538955,Preston,Dell Casa,9/14/2022,China,F-35,7622,184,Air Medal
Colonel,1826063,Torey,McMeeking,2/10/2023,China,F-16,8755,936,Air Medal
Lieutenant,4867035,Eugene,Cesaric,5/28/2022,Armenia,F-35,4559,631,Air Medal
General,7212057,Whitman,Zoren,10/24/2022,Egypt,F-22,377,534,Air Force Achievement Medal
Lieutenant,7371833,Delmar,Brookson,12/30/2022,Panama,F-22,7356,163,Air Force Commendation Medal
Corporal,6564337,Lazaro,Aird,5/9/2022,China,F-16,4365,199,Air Force Commendation Medal
Major,5547301,Elsy,Lantoph,11/2/2022,Portugal,F-18,644,465,Distinguished Flying Cross
Major,6839133,Carlin,Tring,2/24/2023,Brazil,F-35,7307,394,Distinguished Flying Cross
Sergeant,7633890,Teodoor,Verman,5/11/2022,Poland,F-18,4291,909,Distinguished Flying Cross
Colonel,6934525,Perceval,Ioselevich,10/7/2022,Philippines,F-16,7879,688,Air Force Achievement Medal
Colonel,5497525,Lotty,Mullord,6/12/2022,Albania,F-18,4003,456,Air Force Commendation Medal
Major,6087264,Leoline,Jope,8/28/2022,China,F-16,8064,174,Air Force Commendation Medal
Corporal,9128158,Bobette,Lindenman,2/22/2023,Mauritius,F-16,4143,920,Air Force Achievement Medal
Colonel,4518901,Claudetta,Ashness,5/10/2022,France,F-22,1317,872,Distinguished Flying Cross
Colonel,6794629,Christalle,Lope,1/12/2023,Nicaragua,F-35,7939,935,Distinguished Flying Cross
Private,7876380,Jessa,Stigell,7/17/2022,Indonesia,F-35,3863,121,Air Force Commendation Medal
Captain,9432229,Simon,Crownshaw,2/9/2023,Indonesia,F-22,1548,240,Air Medal
Lieutenant,3614285,Elke,Cunnah,3/23/2023,Thailand,F-22,1207,17,Air Force Achievement Medal
Corporal,1322157,Essie,Latehouse,11/1/2022,Ukraine,A-10,5281,173,Air Force Achievement Medal
Captain,1886960,Vernor,Le Friec,6/21/2022,China,F-16,8496,878,Air Force Commendation Medal
General,7365436,Davidde,Nilges,2/21/2023,Bolivia,F-22,9428,691,Air Force Commendation Medal
Colonel,7513621,Edith,McConnel,9/12/2022,Peru,A-10,785,376,Air Force Achievement Medal
Sergeant,4353549,Diarmid,Marczyk,6/28/2022,Namibia,F-16,7785,664,Air Force Achievement Medal
Sergeant,5859547,Kimberlyn,Vanyatin,4/4/2023,Portugal,F-22,8475,988,Distinguished Flying Cross
Colonel,9216234,Stearn,Radish,3/11/2023,Egypt,F-35,2731,296,Air Force Commendation Medal
Colonel,5087944,Gregg,Stonman,7/22/2022,China,F-35,6989,773,Air Medal
Lieutenant,4088220,Rainer,Boreham,8/27/2022,Portugal,F-22,1986,353,Air Force Achievement Medal
General,6754595,Lorelei,Hackinge,5/20/2022,Democratic Republic of the Congo,A-10,8394,774,Air Force Achievement Medal
Sergeant,6165754,Tanney,Holson,10/9/2022,Philippines,F-16,6233,790,Air Force Achievement Medal
Sergeant,1676704,Ted,Duckinfield,7/25/2022,Russia,F-22,5641,292,Air Medal
Colonel,9636652,Llewellyn,Higbin,11/8/2022,China,F-18,9315,727,Distinguished Flying Cross
Major,9700809,Chrisse,Pepperd,11/28/2022,Lithuania,F-16,4364,991,Air Medal
Private,7286879,Winslow,Pentecost,8/21/2022,Vietnam,F-35,3264,812,Air Force Commendation Medal
Major,6029002,Persis,Rapa,9/28/2022,Russia,A-10,5346,566,Air Force Commendation Medal
Major,5966140,Magdalene,Wabb,2/27/2023,Morocco,F-16,1198,928,Air Medal
General,7902173,Giffy,Peterffy,9/1/2022,Nigeria,A-10,1448,931,Air Force Achievement Medal
Captain,6109236,Geneva,Burman,11/25/2022,Indonesia,F-18,4575,818,Air Force Commendation Medal
Private,6968188,Denni,Fierro,3/13/2023,Saudi Arabia,F-35,1064,813,Distinguished Flying Cross
Corporal,1308903,Constantino,Maddern,7/9/2022,China,F-16,178,588,Distinguished Flying Cross
Sergeant,1455940,Haskel,Thornewell,4/6/2023,Bulgaria,F-16,7985,167,Air Force Commendation Medal
Sergeant,9626828,Penny,Brennen,5/18/2022,Argentina,F-18,642,704,Air Force Achievement Medal
Major,7388867,Norine,Caughtry,10/30/2022,Indonesia,F-22,977,626,Distinguished Flying Cross
Major,8827606,Grete,Champney,12/11/2022,Indonesia,F-18,233,954,Air Medal
General,4206105,Dorotea,Bleakman,1/3/2023,Macedonia,A-10,4159,280,Distinguished Flying Cross
Lieutenant,5964963,Griselda,Rosellini,10/27/2022,Poland,F-22,2143,775,Air Medal
General,7015883,Reed,Emanuel,7/16/2022,United States,F-22,3650,487,Air Force Commendation Medal
Colonel,5247571,Derry,Marchelli,2/21/2023,China,F-16,1052,996,Air Force Achievement Medal
Lieutenant,5305933,Jodie,Jervis,6/29/2022,Iran,F-16,8412,201,Air Medal
Captain,9950273,Nellie,Sissens,8/12/2022,France,F-35,5519,686,Air Force Achievement Medal
Corporal,8789247,Babette,Gillbard,2/11/2023,China,F-22,3420,59,Distinguished Flying Cross
Corporal,5964839,Symon,Vivians,3/30/2023,Philippines,F-18,1648,453,Air Force Commendation Medal
General,8971725,Adey,Peet,4/13/2022,Philippines,F-16,3191,269,Air Medal
Sergeant,1257800,Gannie,Glidden,3/13/2023,Thailand,F-18,4427,326,Air Force Commendation Medal
Private,5128713,Constancy,Gauchier,11/2/2022,Indonesia,F-16,5756,960,Air Medal
General,6489413,Raynell,Cockshoot,10/12/2022,Zambia,F-35,4481,726,Air Force Achievement Medal
Captain,1731240,Mildrid,Ravel,10/7/2022,China,F-22,6433,558,Air Medal
General,2998361,Tedi,Pendrigh,8/2/2022,China,F-16,7200,78,Air Medal
General,5915970,Harlen,Willcox,7/5/2022,Peru,A-10,7887,78,Air Medal
Major,5254919,Rockie,Baron,8/1/2022,China,A-10,6225,894,Air Medal
Lieutenant,6619714,Duffy,Rippingale,6/7/2022,Vietnam,F-22,5820,779,Distinguished Flying Cross
Major,1544318,Wendi,Snape,6/11/2022,China,A-10,9514,564,Distinguished Flying Cross
Private,4119053,Nichol,Brozek,11/30/2022,Russia,F-35,7787,382,Distinguished Flying Cross
Corporal,1863648,Dorri,Stillwell,10/27/2022,Sierra Leone,F-22,6947,271,Air Medal
Corporal,2344137,Walden,Rizzillo,3/30/2023,Belarus,F-22,6747,256,Air Force Commendation Medal
Colonel,1745494,Farrel,Hryniewicki,10/23/2022,Sweden,F-35,563,797,Air Medal
Sergeant,9920123,Nikita,Fasey,10/19/2022,Vietnam,F-22,6621,775,Air Force Commendation Medal
Corporal,2312254,Lara,Sahnow,11/14/2022,Indonesia,F-16,8325,645,Distinguished Flying Cross
Private,1455354,Kaitlin,Towndrow,8/8/2022,Australia,F-16,2144,55,Air Force Achievement Medal
Colonel,3837970,Amos,Trundle,12/1/2022,China,F-35,392,353,Air Force Commendation Medal
Major,1924396,Jacquenette,Marin,5/5/2022,South Korea,F-22,3880,371,Distinguished Flying Cross
Private,1990070,Portia,Kleinplac,10/30/2022,France,F-16,3664,991,Air Force Achievement Medal
Captain,9571458,Nappie,Trickett,7/24/2022,China,F-22,7273,294,Distinguished Flying Cross
Corporal,2275031,Scottie,Kobel,12/3/2022,China,F-18,227,306,Distinguished Flying Cross
General,5433928,Kirstyn,Dugood,12/30/2022,Bhutan,F-22,3261,494,Air Force Achievement Medal
Major,4459534,Duke,Dunphy,8/18/2022,Syria,F-18,8747,235,Air Medal
Major,3636787,Nil,Howard - Gater,7/6/2022,Canada,F-18,8842,672,Air Force Commendation Medal
Sergeant,8828210,Mel,Stallen,8/7/2022,Poland,A-10,7494,297,Air Force Achievement Medal
Lieutenant,1739719,Hettie,Swires,2/3/2023,Philippines,F-18,7830,101,Air Medal
Lieutenant,4847732,Toma,Reiners,8/17/2022,China,F-18,9356,974,Distinguished Flying Cross
Corporal,7518051,Wandis,Wesley,7/27/2022,Thailand,F-22,9640,625,Distinguished Flying Cross
Colonel,8469377,Massimiliano,Gravestone,5/21/2022,China,F-22,8744,222,Distinguished Flying Cross
Private,1706848,Conn,Churchard,7/8/2022,Vietnam,F-18,4896,731,Air Force Commendation Medal
Corporal,2453968,Roldan,Millar,12/24/2022,Poland,F-22,4028,327,Distinguished Flying Cross
Captain,4810957,Margalit,Hathwood,12/9/2022,Brazil,F-16,4328,881,Distinguished Flying Cross
General,9377532,Colver,Doerling,9/11/2022,Philippines,F-18,6688,169,Distinguished Flying Cross
Corporal,8538098,Barbe,Bloggett,2/3/2023,Thailand,F-35,4322,743,Air Force Commendation Medal
General,5069107,Tandy,Oatley,10/30/2022,South Korea,F-18,1341,437,Air Force Achievement Medal
Sergeant,2678745,Benjamin,Wyllis,7/3/2022,Argentina,F-18,2715,709,Air Medal
Corporal,2741660,Estele,Haccleton,8/2/2022,South Africa,F-22,4441,243,Air Force Achievement Medal
Major,4046236,Maybelle,Soane,12/21/2022,Russia,F-18,6738,371,Distinguished Flying Cross
Colonel,2105102,Jerrilee,Leakner,6/3/2022,Norway,F-16,5001,934,Air Medal
Major,8836761,Ericha,Isakson,6/1/2022,China,F-22,1647,186,Air Medal
Lieutenant,6188567,Wayne,Davidovitch,7/18/2022,Russia,F-22,3557,547,Distinguished Flying Cross
Colonel,6497517,Eb,Glidder,6/11/2022,Philippines,A-10,4544,784,Air Force Achievement Medal
Sergeant,2609110,Adrianne,Gislebert,4/8/2023,Indonesia,F-35,3269,906,Air Force Achievement Medal
Colonel,2972402,Granthem,Farrah,9/1/2022,Indonesia,F-35,4493,877,Air Force Achievement Medal
Colonel,9922649,Ara,Trundell,5/9/2022,Poland,F-22,7602,646,Distinguished Flying Cross
Colonel,1309953,Rhetta,Bremmell,5/12/2022,China,F-35,5674,68,Air Force Commendation Medal
Lieutenant,7419074,Bobinette,Dymond,10/21/2022,Thailand,F-18,1321,815,Air Force Achievement Medal
Sergeant,3615702,Emlynn,Warman,6/21/2022,Philippines,F-18,9491,119,Air Force Achievement Medal
Corporal,8693824,Winfield,Karsh,5/22/2022,Indonesia,F-35,7315,842,Air Medal
Private,9908924,Boothe,Batty,7/28/2022,Poland,F-22,1127,263,Air Force Achievement Medal
Captain,8408460,Merilyn,Ouldcott,7/26/2022,New Zealand,F-18,444,540,Air Force Commendation Medal
Captain,3723709,Orsola,Maycock,9/2/2022,Vietnam,F-16,247,85,Air Force Achievement Medal
General,8487771,Raynard,MacCartney,12/20/2022,China,F-35,5630,894,Air Medal
Major,4713471,Keeley,Ironmonger,3/7/2023,Poland,F-35,9279,765,Air Force Commendation Medal
Corporal,2767695,Livy,Sousa,3/7/2023,China,F-22,904,704,Air Medal
Corporal,9317343,Evey,Darbey,7/3/2022,Indonesia,F-16,3421,345,Air Force Commendation Medal
Sergeant,5283621,Bill,Dunkerly,3/21/2023,China,F-16,5537,387,Air Medal
Colonel,2256946,Caitrin,Brambley,9/2/2022,Brazil,A-10,1368,562,Air Medal
Lieutenant,7456804,Dugald,Abelov,7/25/2022,China,F-18,7503,138,Air Force Commendation Medal
Corporal,2785052,Chicky,Jagiela,11/29/2022,China,F-16,7585,911,Distinguished Flying Cross
Sergeant,7604960,Adora,Ivie,9/12/2022,Philippines,A-10,7559,366,Distinguished Flying Cross
Colonel,5357706,Delilah,Boles,2/26/2023,Mexico,F-22,5493,165,Air Force Achievement Medal
Major,4610351,Jen,Mattingly,10/12/2022,Poland,F-35,728,390,Air Medal
Sergeant,1303554,James,Orth,12/22/2022,Sweden,F-22,4255,604,Air Force Commendation Medal
General,5615829,Felix,Note,4/8/2023,South Africa,F-18,2890,232,Air Medal
Sergeant,4056372,Melisent,Dumingos,6/2/2022,Indonesia,F-22,265,202,Air Force Achievement Medal
Lieutenant,9966423,Paquito,Baggalley,3/10/2023,Colombia,F-22,7453,854,Distinguished Flying Cross
Lieutenant,8780092,Cedric,Kelson,3/8/2023,Bosnia and Herzegovina,A-10,4719,865,Distinguished Flying Cross
Lieutenant,7892710,Bonnie,Trusler,11/8/2022,Poland,F-22,7996,19,Air Force Commendation Medal
Lieutenant,4865680,Stu,Nayer,4/3/2023,Indonesia,F-16,590,57,Air Force Achievement Medal
Lieutenant,4663170,Fredra,Fairlaw,9/7/2022,Japan,F-18,6343,294,Air Force Commendation Medal
Private,5402113,Susana,Korneichik,6/21/2022,Mauritius,F-22,9143,293,Distinguished Flying Cross
Private,7314265,Geoffrey,Childes,9/11/2022,South Africa,A-10,2382,613,Air Medal
Sergeant,3761138,Hastie,Scroggins,3/26/2023,Indonesia,F-16,2154,960,Air Force Commendation Medal
Captain,5639735,Gauthier,Lawrie,9/6/2022,Indonesia,F-18,3390,80,Air Medal
Corporal,8907982,Ashlie,Ackrill,11/6/2022,Indonesia,F-18,6679,970,Air Force Achievement Medal
Sergeant,3493607,Claresta,Gaynes,5/9/2022,Jamaica,F-18,8196,898,Air Force Commendation Medal
General,6288246,Etti,de Keyser,10/16/2022,Russia,F-22,9727,734,Air Medal
General,8237769,Shandie,Risby,11/1/2022,Indonesia,F-22,5870,931,Air Medal
Sergeant,2789268,Candra,Everleigh,11/24/2022,Myanmar,F-18,9898,147,Distinguished Flying Cross
Colonel,9454335,Tony,Cordelette,6/15/2022,Argentina,A-10,8734,514,Distinguished Flying Cross
Major,3323077,Joaquin,Raymen,11/24/2022,Indonesia,F-16,4821,338,Air Medal
Corporal,9265881,Joaquin,Pina,9/19/2022,Zambia,F-18,5076,672,Air Force Achievement Medal
Lieutenant,8546242,Forester,McGuiness,6/30/2022,China,F-16,8144,171,Air Medal
Sergeant,6705405,Stacia,Stockbridge,7/19/2022,Italy,F-22,134,124,Air Force Commendation Medal
Corporal,2669828,Vick,Truckett,5/28/2022,Mexico,A-10,6514,26,Air Force Commendation Medal
General,5919839,Aurora,Gumley,1/14/2023,Canada,A-10,7918,569,Air Medal
Sergeant,7297793,Amii,Ilyukhov,11/21/2022,Argentina,F-35,7308,212,Distinguished Flying Cross
Captain,3198682,Casper,Itzkov,1/19/2023,Cuba,F-22,7186,893,Distinguished Flying Cross
Major,5397834,Stacie,Lazarus,8/28/2022,China,F-35,8220,85,Air Force Achievement Medal
Lieutenant,8552695,Wainwright,Gurg,1/26/2023,Ukraine,F-35,6847,397,Air Medal
Captain,9981021,Glyn,Catley,4/24/2022,Brazil,F-22,7831,816,Distinguished Flying Cross
Private,2246462,Donn,Blasio,12/8/2022,Japan,F-18,8526,799,Air Force Achievement Medal
Major,4307982,Cleopatra,Cuniffe,4/30/2022,Madagascar,F-16,1735,364,Air Force Commendation Medal
Sergeant,9123677,Chrysa,Garnsey,3/1/2023,Mexico,F-35,7609,594,Distinguished Flying Cross
Corporal,1887791,Terry,Kirkpatrick,4/7/2023,Russia,F-18,4666,626,Distinguished Flying Cross
Major,6152121,Joleen,Valentinuzzi,7/25/2022,Guatemala,A-10,4560,159,Air Force Achievement Medal
Corporal,4354109,Pearce,Stickins,7/30/2022,Greece,F-18,4677,554,Air Force Commendation Medal
Lieutenant,4376663,Rickert,Kinforth,12/19/2022,Paraguay,A-10,3624,267,Air Medal
Sergeant,3065848,Nickey,Trevan,12/12/2022,Cuba,F-18,4914,513,Distinguished Flying Cross
Colonel,2747925,Gabrila,Margery,3/17/2023,Finland,F-22,8477,656,Air Force Commendation Medal
Colonel,5441189,Charo,Ghidoli,10/25/2022,Portugal,F-22,8442,998,Air Force Commendation Medal
Private,7725022,Royce,Bruyet,6/20/2022,China,A-10,2150,931,Air Force Commendation Medal
Private,3752868,Evangelia,Barth,11/29/2022,Indonesia,F-22,3665,269,Air Medal
General,8801360,Pippo,Huband,5/2/2022,Ukraine,F-16,2036,878,Air Medal
Corporal,7054023,Randy,Pelos,11/7/2022,Vietnam,F-18,7728,564,Distinguished Flying Cross
Major,6520570,Inger,Clayal,8/25/2022,Poland,F-16,5704,72,Air Force Achievement Medal
Private,2827608,Marylee,Stait,10/5/2022,Ukraine,F-22,3052,524,Air Medal
Captain,7119699,Vickie,Robiou,11/6/2022,Indonesia,F-35,5308,259,Distinguished Flying Cross
Sergeant,4151261,Perren,Genever,7/15/2022,Indonesia,F-22,3203,108,Air Force Achievement Medal
Major,1722942,Lila,Tinsey,7/21/2022,China,A-10,7005,569,Distinguished Flying Cross
Corporal,7276506,Brigida,Kelsall,5/29/2022,Honduras,F-18,6874,401,Distinguished Flying Cross
General,5558892,Berke,Scay,5/18/2022,Indonesia,F-16,3585,435,Distinguished Flying Cross
Corporal,1726235,Philbert,Snelgar,1/22/2023,Philippines,A-10,2182,266,Air Force Commendation Medal
General,5975672,Pierrette,Uman,9/18/2022,China,F-18,5771,574,Air Medal
Sergeant,8872958,Erina,Hagan,4/5/2023,Canada,F-16,8430,238,Air Force Commendation Medal
Corporal,5178683,Vincenty,Towns,12/26/2022,Democratic Republic of the Congo,F-35,2232,685,Distinguished Flying Cross
Private,4208806,Eveline,Cuthbert,7/26/2022,China,F-22,3387,997,Air Medal
Major,4184814,Corene,Glowach,1/6/2023,Philippines,A-10,30,670,Distinguished Flying Cross
Corporal,6896681,Menard,Kneeshaw,3/4/2023,South Africa,F-35,7444,244,Air Force Commendation Medal
Corporal,1906260,Tristam,Fippe,7/16/2022,United States,F-18,7178,681,Air Force Achievement Medal
Corporal,7372969,Hubie,Grigoriev,9/20/2022,Sweden,F-35,2176,184,Distinguished Flying Cross
Colonel,5478213,Garnet,Millward,8/20/2022,Russia,F-16,6744,288,Air Force Commendation Medal
Colonel,9523870,Ravid,Cardo,11/18/2022,China,A-10,686,776,Air Medal
Lieutenant,8477392,Ursulina,Ellaway,10/14/2022,Ivory Coast,F-18,7470,860,Distinguished Flying Cross
Corporal,7278176,Lorenza,Muncie,10/13/2022,China,F-16,970,231,Air Medal
Lieutenant,6665598,Wald,Bohler,12/28/2022,China,A-10,3967,977,Air Force Commendation Medal
Sergeant,8601645,Ilario,Cumber,6/18/2022,Russia,F-18,4253,171,Distinguished Flying Cross
Lieutenant,3918958,Allianora,Ganiclef,5/29/2022,Poland,A-10,714,969,Air Medal
Colonel,2214747,Marcello,Cutress,10/5/2022,Philippines,F-16,3574,648,Air Force Achievement Medal
Private,6005941,Dill,Graben,10/2/2022,Tajikistan,F-35,9373,113,Air Force Commendation Medal
Sergeant,1589070,Roddy,Wedderburn,2/14/2023,Cuba,F-18,2943,758,Air Force Commendation Medal
